scraping_id,scraping_date,name,price_10k,age_year,admin_fee,sikikin_10k,reikin_10k,deposit_10k,sikibiki_10k,line,station,move,time_to_station_min,room,area_m2,direction,type,address
202301240000,2023-01-24,京成押上線 京成曳舟駅 5階建 築33年,5.2,33.0,7000.0,5.2,5.2,0.0,5.2,京成押上線,押上駅,徒歩,14.0,1K,16.04,南東,マンション,東京都墨田区京島３
202301240001,2023-01-24,京成押上線 京成曳舟駅 5階建 築33年,5.2,33.0,7000.0,5.2,5.2,0.0,5.2,京成押上線,押上駅,徒歩,14.0,1K,16.04,南東,マンション,東京都墨田区京島３
202301240002,2023-01-24,京成押上線 京成曳舟駅 5階建 築33年,5.2,33.0,7000.0,5.2,5.2,0.0,5.2,京成押上線,押上駅,徒歩,14.0,1K,16.04,南東,マンション,東京都墨田区京島３
202301240003,2023-01-24,ウインベルソロ曳舟第２,5.2,33.0,7000.0,5.2,5.2,0.0,5.2,都営浅草線,押上駅,徒歩,14.0,1K,16.04,南東,マンション,東京都墨田区京島３
202301240004,2023-01-24,ウインベルソロ曳舟第２,5.2,33.0,7000.0,5.2,5.2,0.0,5.2,都営浅草線,押上駅,徒歩,14.0,1K,16.04,南東,マンション,東京都墨田区京島３
202301240005,2023-01-24,ウインベルソロ曳舟第２,5.2,33.0,7000.0,5.2,5.2,0.0,5.2,都営浅草線,押上駅,徒歩,14.0,1K,16.04,南東,マンション,東京都墨田区京島３
202301240006,2023-01-24,京成押上線 京成曳舟駅 5階建 築33年,5.2,33.0,7000.0,5.2,5.2,0.0,0,京成押上線,押上駅,徒歩,14.0,1K,16.04,南東,マンション,東京都墨田区京島３
202301240007,2023-01-24,ウインベルソロ曳舟第２,5.2,33.0,7000.0,5.2,5.2,0.0,5.2,都営浅草線,押上駅,徒歩,14.0,1K,16.04,南東,マンション,東京都墨田区京島３
202301240008,2023-01-24,ウインベルソロ曳舟第２,5.2,33.0,7000.0,5.2,5.2,0.0,5.2,都営浅草線,押上駅,徒歩,14.0,1K,16.04,南東,マンション,東京都墨田区京島３
202301240009,2023-01-24,ウインベルソロ曳舟第２,5.2,33.0,7000.0,5.2,5.2,0.0,5.2,都営浅草線,押上駅,徒歩,14.0,1K,16.04,南東,マンション,東京都墨田区京島３
202301240010,2023-01-24,東武伊勢崎線 曳舟駅 3階建 築17年,5.5,17.0,3000.0,0.0,0.0,0.0,0,都営浅草線,押上駅,徒歩,17.0,1K,14.32,東,アパート,東京都墨田区向島５
202301240011,2023-01-24,シャンブル亀戸,5.5,31.0,5000.0,0.0,0.0,0.0,0,東京メトロ半蔵門線,押上駅,徒歩,18.0,ワンルーム,18.28,南,マンション,東京都墨田区立花１
202301240012,2023-01-24,セラ－２２７,5.7,33.0,0.0,5.7,5.7,0.0,0,東京メトロ半蔵門線,押上駅,徒歩,18.0,ワンルーム,16.2,南西,マンション,東京都墨田区八広２
202301240013,2023-01-24,セラ227,5.7,33.0,0.0,5.7,5.7,0.0,0,東京メトロ半蔵門線,押上駅,徒歩,19.0,ワンルーム,16.02,-,マンション,東京都墨田区八広２
202301240014,2023-01-24,京成押上線 京成曳舟駅 3階建 築33年,5.7,33.0,0.0,5.7,5.7,0.0,0,東京メトロ半蔵門線,押上駅,徒歩,19.0,ワンルーム,16.02,-,マンション,東京都墨田区八広２
202301240015,2023-01-24,京成押上線 京成曳舟駅 3階建 築33年,5.7,33.0,0.0,5.7,5.7,0.0,0,東京メトロ半蔵門線,押上駅,徒歩,19.0,ワンルーム,16.02,-,マンション,東京都墨田区八広２
202301240016,2023-01-24,プレシャス押上,5.7,16.0,2000.0,0.0,0.0,0.0,0,東京メトロ半蔵門線,押上駅,徒歩,13.0,ワンルーム,13.61,南東,アパート,東京都墨田区向島５
202301240017,2023-01-24,シャンブル亀戸,5.7,31.0,5000.0,0.0,0.0,0.0,0,東京メトロ半蔵門線,押上駅,徒歩,18.0,1K,19.8,北西,マンション,東京都墨田区立花１
202301240018,2023-01-24,メール押上 201号室,5.8,8.0,3000.0,0.0,0.0,0.0,0,東京メトロ半蔵門線,押上駅,徒歩,13.0,1K,15.42,北,アパート,東京都墨田区向島５
202301240019,2023-01-24,京成押上線 京成曳舟駅 3階建 新築,5.9,0.0,3000.0,0.0,0.0,0.0,0,都営浅草線,押上駅,徒歩,21.0,ワンルーム,15.09,北,アパート,東京都墨田区八広２
202301240020,2023-01-24,東京メトロ半蔵門線 押上駅 2階建 築7年,5.95,7.0,3500.0,0.0,5.95,0.0,0,東京メトロ半蔵門線,押上駅,徒歩,8.0,ワンルーム,10.76,南東,アパート,東京都墨田区文花１
202301240021,2023-01-24,ラ・カーサ・ルクス88押上,5.95,7.0,3500.0,0.0,5.95,0.0,0,東京メトロ半蔵門線,押上駅,徒歩,8.0,ワンルーム,10.5,-,アパート,東京都墨田区文花１
202301240022,2023-01-24,エクセル向島 502号室,6.0,17.0,2000.0,6.0,0.0,0.0,0,京成押上線,押上駅,徒歩,12.0,ワンルーム,16,南,マンション,東京都墨田区向島１
202301240023,2023-01-24,都営浅草線 押上駅 3階建 築16年,6.0,16.0,3000.0,0.0,0.0,0.0,0,都営浅草線,押上駅,徒歩,12.0,1K,14.52,-,アパート,東京都墨田区京島２
202301240024,2023-01-24,東京メトロ半蔵門線 押上駅 3階建 築16年,6.0,16.0,3000.0,0.0,0.0,0.0,0,東京メトロ半蔵門線,押上駅,徒歩,12.0,1K,14.52,北西,アパート,東京都墨田区京島２
202301240025,2023-01-24,育成ビル,6.0,35.0,5000.0,6.0,6.0,0.0,0,東京メトロ半蔵門線,押上駅,徒歩,13.0,ワンルーム,18,-,マンション,東京都墨田区横川１
202301240026,2023-01-24,ヴェラハイツ押上,6.0,32.0,10000.0,0.0,0.0,0.0,0,東京メトロ半蔵門線,押上駅,徒歩,4.0,ワンルーム,19.68,北,マンション,東京都墨田区押上１
202301240027,2023-01-24,ヴェラハイツ押上,6.0,32.0,10000.0,0.0,0.0,0.0,0,東京メトロ半蔵門線,押上駅,徒歩,4.0,ワンルーム,19.68,北,マンション,東京都墨田区押上１
202301240028,2023-01-24,ＪＲ総武線 錦糸町駅 4階建 築19年,6.1,19.0,3000.0,6.1,0.0,0.0,0,東京メトロ半蔵門線,押上駅,徒歩,10.0,ワンルーム,11.5,北,マンション,東京都墨田区横川２
202301240029,2023-01-24,トーレスハウス,6.1,4.0,4000.0,0.0,0.0,0.0,0,東京メトロ半蔵門線,押上駅,徒歩,21.0,ワンルーム,21.18,南,アパート,東京都墨田区八広１
202301240030,2023-01-24,東武伊勢崎線 曳舟駅 2階建 築24年,6.2,24.0,2000.0,6.2,6.2,0.0,0,都営浅草線,押上駅,徒歩,18.0,1K,22.77,北西,アパート,東京都墨田区東向島１
202301240031,2023-01-24,プリズムエィツー 101号室,6.2,20.0,2000.0,6.2,0.0,0.0,0,東京メトロ半蔵門線,押上駅,徒歩,11.0,ワンルーム,19.44,東,マンション,東京都墨田区向島５
202301240032,2023-01-24,ホーユウコンフォルト隅田公園第２,6.2,34.0,3000.0,0.0,0.0,0.0,0,東京メトロ半蔵門線,押上駅,徒歩,8.0,ワンルーム,18.52,-,マンション,東京都墨田区向島１
202301240033,2023-01-24,東武伊勢崎線 曳舟駅 10階建 築34年,6.3,34.0,2000.0,6.3,6.3,0.0,0,東京メトロ半蔵門線,押上駅,徒歩,14.0,ワンルーム,17.81,西,マンション,東京都墨田区東向島２
202301240034,2023-01-24,都営浅草線 押上駅 3階建 築8年,6.3,8.0,4000.0,0.0,6.3,0.0,0,都営浅草線,押上駅,徒歩,7.0,ワンルーム,14.81,南西,アパート,東京都墨田区押上３
202301240035,2023-01-24,東京メトロ銀座線 浅草駅 2階建 築6年,6.4,6.0,3500.0,0.0,0.0,0.0,0,東京メトロ半蔵門線,押上駅,徒歩,18.0,ワンルーム,10.08,西,アパート,東京都墨田区東駒形２
202301240036,2023-01-24,京成押上線 京成曳舟駅 3階建 新築,6.5,0.0,3000.0,0.0,0.0,0.0,0,都営浅草線,押上駅,徒歩,21.0,1K,16.98,北,アパート,東京都墨田区八広２
202301240037,2023-01-24,京成押上線 押上駅 5階建 築21年,6.5,21.0,5000.0,0.0,6.5,0.0,0,京成押上線,押上駅,徒歩,12.0,ワンルーム,19.3,東,マンション,東京都江東区亀戸３
202301240038,2023-01-24,京成押上線 押上駅 5階建 築21年,6.5,21.0,5000.0,0.0,6.5,0.0,0,京成押上線,押上駅,徒歩,12.0,ワンルーム,19.3,東,マンション,東京都江東区亀戸３
202301240039,2023-01-24,TANABE 202号室,6.5,21.0,5000.0,0.0,6.5,0.0,0,京成押上線,押上駅,徒歩,12.0,ワンルーム,19.3,東,マンション,東京都江東区亀戸３
202301240040,2023-01-24,TANABE 204号室,6.5,21.0,5000.0,0.0,6.5,0.0,0,京成押上線,押上駅,徒歩,12.0,ワンルーム,19.2,南,マンション,東京都江東区亀戸３
202301240041,2023-01-24,EL VIENT EARTH SUMIDA-AZUMA,6.55,15.0,10000.0,6.55,6.55,0.0,0,東京メトロ半蔵門線,押上駅,徒歩,22.0,1K,19.6,北西,マンション,東京都墨田区文花２
202301240042,2023-01-24,プチグランデ夢家,6.6,3.0,8000.0,6.6,6.6,0.0,0,東京メトロ半蔵門線,押上駅,徒歩,5.0,ワンルーム,12.77,西,マンション,東京都墨田区横川３
202301240043,2023-01-24,ＴＡＮＡＢＥ,6.7,21.0,5000.0,0.0,6.7,0.0,0,京成押上線,押上駅,徒歩,12.0,ワンルーム,19.3,南,マンション,東京都江東区亀戸３
202301240044,2023-01-24,都営浅草線 本所吾妻橋駅 9階建 築32年,6.7,32.0,8000.0,6.7,6.7,0.0,0,東京メトロ半蔵門線,押上駅,徒歩,15.0,1K,20.55,東,マンション,東京都墨田区本所４
202301240045,2023-01-24,サンライトマンション,6.75,50.0,1500.0,6.75,6.75,0.0,0,都営浅草線,押上駅,徒歩,11.0,1K,19.44,北西,マンション,東京都墨田区東向島１
202301240046,2023-01-24,プチグランデ押上,6.8,20.0,2000.0,6.8,6.8,0.0,3.4,東京メトロ半蔵門線,押上駅,徒歩,1.0,1K,18.45,南,マンション,東京都墨田区業平４
202301240047,2023-01-24,ファミール本田,6.9,32.0,0.0,6.9,6.9,0.0,0,都営浅草線,押上駅,徒歩,7.0,1K,21.06,南,マンション,東京都墨田区押上３
202301240048,2023-01-24,ファミール本田,6.9,32.0,0.0,6.9,6.9,0.0,0,東京メトロ半蔵門線,押上駅,徒歩,5.0,1K,21.06,南東,マンション,東京都墨田区押上３
202301240049,2023-01-24,都営浅草線 押上駅 4階建 築32年,6.9,32.0,0.0,6.9,6.9,0.0,0,都営浅草線,押上駅,徒歩,7.0,1K,21.06,南,マンション,東京都墨田区押上３
202301240050,2023-01-24,ファミール本田,6.9,32.0,0.0,6.9,6.9,0.0,0,都営浅草線,押上駅,徒歩,7.0,1K,21.06,南,マンション,東京都墨田区押上３
202301240051,2023-01-24,NSコーポA,6.9,19.0,2000.0,6.9,0.0,0.0,0,東京メトロ半蔵門線,押上駅,徒歩,15.0,1K,24.84,南東,アパート,東京都墨田区京島３
202301240052,2023-01-24,エクサル向島,6.9,18.0,6000.0,6.9,6.9,0.0,0,京成押上線,押上駅,徒歩,14.0,1K,26.45,南,マンション,東京都墨田区向島５
202301240053,2023-01-24,東京メトロ半蔵門線 押上駅 7階建 築16年,6.98,16.0,12000.0,0.0,13.96,0.0,0,東京メトロ半蔵門線,押上駅,徒歩,3.0,1K,20.02,東,マンション,東京都墨田区業平１
202301240054,2023-01-24,東京メトロ半蔵門線 押上駅 6階建 築46年,7.0,46.0,0.0,7.0,7.0,0.0,7,東京メトロ半蔵門線,押上駅,徒歩,4.0,2K,32,西,マンション,東京都墨田区押上１
202301240055,2023-01-24,ベルドミール,7.0,14.0,2000.0,7.0,7.0,0.0,0,東京メトロ半蔵門線,押上駅,徒歩,5.0,1K,21.54,南,マンション,東京都墨田区押上１
202301240056,2023-01-24,都営浅草線 押上駅 3階建 築14年,7.0,14.0,2000.0,7.0,7.0,0.0,0,都営浅草線,押上駅,徒歩,5.0,1K,21.54,東,マンション,東京都墨田区押上１
202301240057,2023-01-24,スカイハイツ,7.0,36.0,3000.0,7.0,7.0,0.0,0,東京メトロ半蔵門線,押上駅,徒歩,4.0,1K,26.02,-,マンション,東京都墨田区業平２
202301240058,2023-01-24,東京メトロ半蔵門線 押上駅 4階建 築36年,7.0,36.0,3000.0,7.0,7.0,0.0,0,東京メトロ半蔵門線,押上駅,徒歩,4.0,1K,26.02,-,マンション,東京都墨田区業平２
202301240059,2023-01-24,スカイハイツ,7.0,36.0,3000.0,7.0,7.0,0.0,0,東京メトロ半蔵門線,押上駅,徒歩,4.0,1K,26.02,東,マンション,東京都墨田区業平２
202301240060,2023-01-24,Crecia東向島,7.0,2.0,3000.0,0.0,0.0,0.0,0,東京メトロ半蔵門線,押上駅,徒歩,22.0,1K,17.11,東,アパート,東京都墨田区東向島１
202301240061,2023-01-24,ジュウェル錦糸町,7.0,44.0,5000.0,7.0,7.0,0.0,0,東京メトロ半蔵門線,押上駅,徒歩,5.0,1DK,26.28,-,マンション,東京都墨田区横川４
202301240062,2023-01-24,ジュウェル錦糸町,7.0,44.0,5000.0,7.0,7.0,0.0,0,東京メトロ半蔵門線,押上駅,徒歩,5.0,1DK,26.28,-,マンション,東京都墨田区横川４
202301240063,2023-01-24,ジュウェル錦糸町(ジュウェルキンシチョウ),7.0,44.0,5000.0,7.0,7.0,0.0,0,東京メトロ半蔵門線,押上駅,徒歩,5.0,1DK,26.28,-,マンション,東京都墨田区横川４
202301240064,2023-01-24,ジュウェル錦糸町 702号室,7.0,44.0,5000.0,7.0,7.0,0.0,0,東京メトロ半蔵門線,押上駅,徒歩,5.0,1DK,26.28,-,マンション,東京都墨田区横川４
202301240065,2023-01-24,ジュウェル錦糸町(ジュウェルキンシチョウ),7.0,44.0,5000.0,7.0,7.0,0.0,0,東京メトロ半蔵門線,押上駅,徒歩,5.0,1DK,26.28,-,マンション,東京都墨田区横川４
202301240066,2023-01-24,ドルチェ東京押上ツインズ弐番館,7.0,16.0,10000.0,7.0,0.0,0.0,7,東京メトロ半蔵門線,押上駅,徒歩,12.0,1K,22.4,南東,マンション,東京都墨田区文花１
202301240067,2023-01-24,グランヴァンミッドイースト押上 301号室,7.1,13.0,15000.0,0.0,3.55,0.0,0,東京メトロ半蔵門線,押上駅,徒歩,6.0,1K,21.37,北,マンション,東京都墨田区業平３
202301240068,2023-01-24,東武伊勢崎線 東向島駅 7階建 築10年,7.15,10.0,15000.0,0.0,0.0,0.0,0,都営浅草線,押上駅,徒歩,24.0,1K,25.6,北東,マンション,東京都墨田区東向島３
202301240069,2023-01-24,東武伊勢崎線 東向島駅 7階建 築10年,7.15,10.0,15000.0,0.0,0.0,0.0,0,東京メトロ半蔵門線,押上駅,徒歩,24.0,1K,25.6,北東,マンション,東京都墨田区東向島３
202301240070,2023-01-24,オンダビル,7.2,25.0,3000.0,7.2,7.2,0.0,0,東京メトロ半蔵門線,押上駅,徒歩,4.0,ワンルーム,20.16,西,マンション,東京都墨田区業平３
202301240071,2023-01-24,MIO曳舟,7.3,13.0,3000.0,3.65,7.3,0.0,0,東京メトロ半蔵門線,押上駅,徒歩,15.0,1K,25.25,北西,アパート,東京都墨田区東向島２
202301240072,2023-01-24,東武伊勢崎線 曳舟駅 3階建 築13年,7.3,13.0,3000.0,3.65,7.3,0.0,0,東京メトロ半蔵門線,押上駅,徒歩,12.0,1K,25.25,-,アパート,東京都墨田区東向島２
202301240073,2023-01-24,京成押上線 京成曳舟駅 8階建 築21年,7.3,21.0,6000.0,3.65,7.3,0.0,0,東京メトロ半蔵門線,押上駅,徒歩,19.0,1K,22.81,南西,マンション,東京都墨田区東向島６
202301240074,2023-01-24,Casa　del　Akehama,7.3,21.0,6000.0,3.65,7.3,0.0,0,東京メトロ半蔵門線,押上駅,徒歩,19.0,1K,22.81,南西,マンション,東京都墨田区東向島６
202301240075,2023-01-24,セジョリ錦糸町,7.3,16.0,10000.0,0.0,7.3,0.0,0,東京メトロ半蔵門線,押上駅,徒歩,18.0,1K,21.71,-,マンション,東京都墨田区太平４
202301240076,2023-01-24,東武伊勢崎線 曳舟駅 7階建 築10年,7.35,10.0,15000.0,0.0,0.0,0.0,0,都営浅草線,押上駅,徒歩,15.0,1K,26.16,南東,マンション,東京都墨田区向島５
202301240077,2023-01-24,ハーモニーレジデンス東京イーストコア♯００２ 210号室,7.35,10.0,15000.0,0.0,0.0,0.0,0,東京メトロ半蔵門線,押上駅,徒歩,15.0,1K,26.16,北,マンション,東京都墨田区向島５
202301240078,2023-01-24,近鉄エルコート東駒形,7.45,21.0,9000.0,7.45,7.45,0.0,0,東京メトロ半蔵門線,押上駅,徒歩,13.0,1K,23.94,東,マンション,東京都墨田区東駒形４
202301240079,2023-01-24,都営浅草線 本所吾妻橋駅 11階建 築21年,7.45,21.0,9000.0,7.45,7.45,0.0,0,東京メトロ半蔵門線,押上駅,徒歩,13.0,1K,23.94,東,マンション,東京都墨田区東駒形４
202301240080,2023-01-24,東京メトロ半蔵門線 押上駅 4階建 築44年,7.5,44.0,3000.0,7.5,7.5,0.0,0,東京メトロ半蔵門線,押上駅,徒歩,11.0,2DK,33.05,南,マンション,東京都江東区亀戸３
202301240081,2023-01-24,東武伊勢崎線 曳舟駅 3階建 築11年,7.5,11.0,5000.0,7.5,7.5,0.0,0,東京メトロ半蔵門線,押上駅,徒歩,8.0,1K,23.75,南西,マンション,東京都墨田区押上２
202301240082,2023-01-24,東武伊勢崎線 曳舟駅 4階建 築14年,7.5,14.0,6000.0,7.5,7.5,0.0,7.5,東京メトロ半蔵門線,押上駅,徒歩,14.0,ワンルーム,22.35,南東,マンション,東京都墨田区東向島２
202301240083,2023-01-24,エクセルシオール押上,7.5,14.0,10000.0,0.0,0.0,0.0,0,東京メトロ半蔵門線,押上駅,徒歩,7.0,1K,22.14,-,マンション,東京都墨田区向島３
202301240084,2023-01-24,東京メトロ半蔵門線 押上駅 10階建 築15年,7.5,15.0,15000.0,0.0,7.5,0.0,0,東京メトロ半蔵門線,押上駅,徒歩,12.0,1K,20,-,マンション,東京都墨田区吾妻橋２
202301240085,2023-01-24,メインステージ押上IV(メインステージオシアゲフォー),7.5,12.0,20000.0,0.0,7.5,0.0,0,東京メトロ半蔵門線,押上駅,徒歩,3.0,1K,23.2,南,マンション,東京都墨田区業平５
202301240086,2023-01-24,カサーディア東向島,7.6,7.0,5000.0,0.0,0.0,0.0,0,都営浅草線,押上駅,徒歩,16.0,1DK,27.83,南西,アパート,東京都墨田区東向島１
202301240087,2023-01-24,東京メトロ半蔵門線 押上駅 5階建 築57年,7.6,57.0,5000.0,0.0,7.6,0.0,0,東京メトロ半蔵門線,押上駅,徒歩,1.0,ワンルーム,24.5,北,マンション,東京都墨田区業平２
202301240088,2023-01-24,寿々川ビル,7.6,57.0,5000.0,0.0,7.6,0.0,0,東京メトロ半蔵門線,押上駅,徒歩,1.0,ワンルーム,24.5,北,マンション,東京都墨田区業平２
202301240089,2023-01-24,寿々川ビル,7.6,57.0,5000.0,0.0,7.6,0.0,0,東京メトロ半蔵門線,押上駅,徒歩,1.0,ワンルーム,24.5,北,マンション,東京都墨田区業平２
202301240090,2023-01-24,東京メトロ半蔵門線 押上駅 5階建 築57年,7.6,57.0,5000.0,0.0,7.6,0.0,0,東京メトロ半蔵門線,押上駅,徒歩,1.0,ワンルーム,24.5,-,マンション,東京都墨田区業平２
202301240091,2023-01-24,寿々川ビル,7.6,57.0,5000.0,0.0,7.6,0.0,0,東京メトロ半蔵門線,押上駅,徒歩,1.0,ワンルーム,24.5,北,マンション,東京都墨田区業平２
202301240092,2023-01-24,ラメゾンオンズ,7.6,12.0,8500.0,0.0,7.6,0.0,0,東京メトロ半蔵門線,押上駅,徒歩,20.0,1K,25.15,東,マンション,東京都墨田区堤通１
202301240093,2023-01-24,ブランノワール浅草言問,7.7,8.0,14000.0,0.0,0.0,7.7,0,東京メトロ半蔵門線,押上駅,徒歩,12.0,1K,25.1,東,マンション,東京都墨田区向島１
202301240094,2023-01-24,ブランノワール浅草言問,7.7,8.0,14000.0,0.0,0.0,7.7,7.7,東京メトロ半蔵門線,押上駅,徒歩,12.0,1K,25.1,東,マンション,東京都墨田区向島１
202301240095,2023-01-24,東武伊勢崎線 とうきょうスカイツリー駅 9階建 築8年,7.7,8.0,14000.0,0.0,0.0,7.7,0,東京メトロ半蔵門線,押上駅,徒歩,10.0,1K,25.1,東,マンション,東京都墨田区向島１
202301240096,2023-01-24,ブランノワール浅草言問,7.7,8.0,14000.0,0.0,0.0,7.7,7.7,京成押上線,押上駅,徒歩,11.0,1K,25.1,-,マンション,東京都墨田区向島１
202301240097,2023-01-24,ブランノワール浅草言問,7.7,8.0,14000.0,0.0,0.0,7.7,7.7,東京メトロ半蔵門線,押上駅,徒歩,10.0,1K,25.1,東,マンション,東京都墨田区向島１
202301240098,2023-01-24,都営浅草線 本所吾妻橋駅 9階建 築8年,7.7,8.0,14000.0,0.0,0.0,7.7,7.7,東京メトロ半蔵門線,押上駅,徒歩,10.0,1K,25.1,東,マンション,東京都墨田区向島１
202301240099,2023-01-24,東京メトロ銀座線 浅草駅 9階建 築8年,7.7,8.0,14000.0,0.0,0.0,7.7,7.7,東京メトロ半蔵門線,押上駅,徒歩,10.0,1K,25.1,東,マンション,東京都墨田区向島１
202301240100,2023-01-24,東武伊勢崎線 とうきょうスカイツリー駅 9階建 築8年,7.7,8.0,14000.0,0.0,0.0,7.7,7.7,京成押上線,押上駅,徒歩,9.0,1K,25.1,-,マンション,東京都墨田区向島１
202301240101,2023-01-24,ブランノワール浅草言問,7.7,8.0,14000.0,0.0,0.0,7.7,7.7,京成押上線,押上駅,徒歩,11.0,1K,25.1,-,マンション,東京都墨田区向島１
202301240102,2023-01-24,都営浅草線 本所吾妻橋駅 9階建 築8年,7.7,8.0,14000.0,0.0,0.0,7.7,7.7,東京メトロ半蔵門線,押上駅,徒歩,11.0,1K,25.1,東,マンション,東京都墨田区向島１
202301240103,2023-01-24,東武伊勢崎線 とうきょうスカイツリー駅 9階建 築8年,7.7,8.0,14000.0,0.0,0.0,7.7,7.7,東京メトロ半蔵門線,押上駅,徒歩,10.0,1K,25.1,東,マンション,東京都墨田区向島１
202301240104,2023-01-24,ブランノワール浅草言問,7.7,8.0,14000.0,0.0,0.0,7.7,7.7,東京メトロ半蔵門線,押上駅,徒歩,10.0,1K,25.1,東,マンション,東京都墨田区向島１
202301240105,2023-01-24,都営浅草線 本所吾妻橋駅 9階建 築8年,7.7,8.0,14000.0,0.0,0.0,7.7,7.7,京成押上線,押上駅,徒歩,10.0,1K,25.1,-,マンション,東京都墨田区向島１
202301240106,2023-01-24,ブランノワール浅草言問,7.7,8.0,14000.0,0.0,0.0,7.7,7.7,東京メトロ半蔵門線,押上駅,徒歩,10.0,1K,25.1,東,マンション,東京都墨田区向島１
202301240107,2023-01-24,東武亀戸線 小村井駅 6階建 築6年,7.75,6.0,10000.0,0.0,7.75,0.0,0,東京メトロ半蔵門線,押上駅,徒歩,17.0,1K,25.65,北東,マンション,東京都墨田区文花２
202301240108,2023-01-24,ラフィスタ押上,7.75,6.0,10000.0,0.0,7.75,0.0,0,東京メトロ半蔵門線,押上駅,徒歩,17.0,1K,25.65,北東,マンション,東京都墨田区文花２
202301240109,2023-01-24,東京メトロ半蔵門線 押上駅 5階建 築9年,7.8,9.0,5000.0,0.0,7.8,0.0,0,東京メトロ半蔵門線,押上駅,徒歩,9.0,1K,29.7,南東,マンション,東京都墨田区向島２
202301240110,2023-01-24,東京メトロ半蔵門線 押上駅 5階建 築9年,7.8,9.0,5000.0,0.0,7.8,0.0,0,東京メトロ半蔵門線,押上駅,徒歩,9.0,1K,29.7,南東,マンション,東京都墨田区向島２
202301240111,2023-01-24,押上ベイス,7.8,6.0,5000.0,7.8,7.8,0.0,0,東京メトロ半蔵門線,押上駅,徒歩,5.0,ワンルーム,18.28,東,マンション,東京都墨田区横川４
202301240112,2023-01-24,東京メトロ半蔵門線 押上駅 4階建 築6年,7.8,6.0,5000.0,7.8,7.8,0.0,0,東京メトロ半蔵門線,押上駅,徒歩,4.0,ワンルーム,18.28,東,マンション,東京都墨田区横川４
202301240113,2023-01-24,押上ベイス,7.8,6.0,5000.0,7.8,7.8,0.0,0,東京メトロ半蔵門線,押上駅,徒歩,5.0,ワンルーム,18.28,東,マンション,東京都墨田区横川４
202301240114,2023-01-24,プレール・ドゥーク押上　TOWER　CITY,7.8,15.0,8000.0,7.8,7.8,0.0,7.8,東京メトロ半蔵門線,押上駅,徒歩,9.0,1K,22.37,南東,マンション,東京都墨田区向島２
202301240115,2023-01-24,東京メトロ半蔵門線 押上駅 8階建 築15年,7.8,15.0,8000.0,7.8,7.8,0.0,7.8,東京メトロ半蔵門線,押上駅,徒歩,9.0,1K,22.37,南東,マンション,東京都墨田区向島２
202301240116,2023-01-24,東京メトロ半蔵門線 押上駅 8階建 築15年,7.8,15.0,8000.0,7.8,7.8,0.0,7.8,東京メトロ半蔵門線,押上駅,徒歩,9.0,1K,22.37,南東,マンション,東京都墨田区向島２
202301240117,2023-01-24,プレール・ドゥーク押上TOWER CITY,7.8,15.0,8000.0,7.8,7.8,0.0,7.8,都営浅草線,押上駅,徒歩,9.0,1K,22.37,-,マンション,東京都墨田区向島２
202301240118,2023-01-24,プレール・ドゥーク押上タワーシティ,7.8,15.0,8000.0,7.8,7.8,0.0,0,東京メトロ半蔵門線,押上駅,徒歩,9.0,1K,22.37,南東,マンション,東京都墨田区向島２
202301240119,2023-01-24,東武伊勢崎線 東向島駅 7階建 築10年,7.8,10.0,15000.0,0.0,0.0,0.0,0,都営浅草線,押上駅,徒歩,24.0,1K,25.7,北西,マンション,東京都墨田区東向島３
202301240120,2023-01-24,ＣＡＳＡ　Ｇ,7.9,9.0,4000.0,0.0,7.9,0.0,0,東京メトロ半蔵門線,押上駅,徒歩,12.0,1K,27.12,南,マンション,東京都墨田区横川２
202301240121,2023-01-24,クレール押上,7.9,10.0,4000.0,7.9,7.9,0.0,0,京成押上線,押上駅,徒歩,2.0,1K,24.05,南東,マンション,東京都墨田区押上１
202301240122,2023-01-24,東武伊勢崎線 曳舟駅 3階建 築11年,7.9,11.0,5000.0,7.9,7.9,0.0,0,東京メトロ半蔵門線,押上駅,徒歩,8.0,1K,22.27,北東,マンション,東京都墨田区押上２
202301240123,2023-01-24,プライムアーバン亀戸,7.9,19.0,5000.0,7.9,7.9,0.0,0,東京メトロ半蔵門線,押上駅,徒歩,15.0,1K,21,南西,マンション,東京都江東区亀戸２
202301240124,2023-01-24,プライムアーバン亀戸,7.9,19.0,5000.0,7.9,7.9,0.0,0,東京メトロ半蔵門線,押上駅,徒歩,15.0,1K,21,南西,マンション,東京都江東区亀戸２
202301240125,2023-01-24,ライオンズマンション錦糸町第6,7.9,36.0,7000.0,7.9,7.9,0.0,0,京成押上線,押上駅,徒歩,15.0,1K,23,南,マンション,東京都墨田区太平１
202301240126,2023-01-24,東武伊勢崎線 とうきょうスカイツリー駅 7階建 築10年,7.9,10.0,8000.0,0.0,7.9,0.0,0,東京メトロ半蔵門線,押上駅,徒歩,9.0,1K,25.84,-,マンション,東京都墨田区向島３
202301240127,2023-01-24,アイル東京スカイツリー参番館 203号室,7.9,10.0,8000.0,0.0,7.9,0.0,0,東京メトロ半蔵門線,押上駅,徒歩,9.0,1K,25.84,北西,マンション,東京都墨田区向島３
202301240128,2023-01-24,都営浅草線 押上駅 7階建 築10年,7.9,10.0,8000.0,0.0,7.9,0.0,0,都営浅草線,押上駅,徒歩,9.0,1K,25.84,北西,マンション,東京都墨田区向島３
202301240129,2023-01-24,アイル東京スカイツリー参番館 203号室,7.9,10.0,8000.0,7.9,0.0,0.0,0,東京メトロ半蔵門線,押上駅,徒歩,10.0,1K,25.84,北西,マンション,東京都墨田区向島３
202301240130,2023-01-24,東武伊勢崎線 とうきょうスカイツリー駅 7階建 築10年,7.9,10.0,8000.0,0.0,7.9,0.0,0,京成押上線,押上駅,徒歩,9.0,1K,25.84,-,マンション,東京都墨田区向島３
202301240131,2023-01-24,アイル東京スカイツリー参番館,7.9,10.0,8000.0,0.0,7.9,0.0,0,東京メトロ半蔵門線,押上駅,徒歩,9.0,1K,25.84,-,マンション,東京都墨田区向島３
202301240132,2023-01-24,都営浅草線 押上駅 7階建 築10年,7.9,10.0,8000.0,0.0,7.9,0.0,0,都営浅草線,押上駅,徒歩,9.0,1K,25.84,北西,マンション,東京都墨田区向島３
202301240133,2023-01-24,東武伊勢崎線 とうきょうスカイツリー駅 7階建 築10年,7.9,10.0,8000.0,0.0,7.9,0.0,0,京成押上線,押上駅,徒歩,10.0,1K,25.84,北西,マンション,東京都墨田区向島３
202301240134,2023-01-24,アイル東京スカイツリー参番館,7.9,10.0,8000.0,0.0,7.9,0.0,0,東京メトロ半蔵門線,押上駅,徒歩,9.0,1K,25.84,北西,マンション,東京都墨田区向島３
202301240135,2023-01-24,アイル東京スカイツリー参番館 203号室,7.9,10.0,8000.0,0.0,7.9,0.0,0,東京メトロ半蔵門線,押上駅,徒歩,9.0,1K,25.84,北西,マンション,東京都墨田区向島３
202301240136,2023-01-24,アイル東京スカイツリー参番館,7.9,10.0,8000.0,0.0,7.9,0.0,0,東京メトロ半蔵門線,押上駅,徒歩,9.0,1K,25.84,-,マンション,東京都墨田区向島３
202301240137,2023-01-24,東武伊勢崎線 とうきょうスカイツリー駅 7階建 築10年,7.9,10.0,8000.0,0.0,7.9,0.0,0,京成押上線,押上駅,徒歩,10.0,1K,25.84,北西,マンション,東京都墨田区向島３
202301240138,2023-01-24,東京メトロ半蔵門線 押上駅 7階建 築10年,7.9,10.0,8000.0,0.0,7.9,0.0,0,東京メトロ半蔵門線,押上駅,徒歩,9.0,1K,25.84,-,マンション,東京都墨田区向島３
202301240139,2023-01-24,ヴァレッシア錦糸町シティ,7.9,12.0,8000.0,7.9,7.9,0.0,7.9,東京メトロ半蔵門線,押上駅,徒歩,7.0,1K,21.3,西,マンション,東京都墨田区横川２
202301240140,2023-01-24,ヴァレッシア錦糸町シティ,7.9,12.0,8000.0,7.9,7.9,0.0,7.9,東京メトロ半蔵門線,押上駅,徒歩,7.0,1K,21.3,西,マンション,東京都墨田区横川２
202301240141,2023-01-24,東京メトロ半蔵門線 押上駅 8階建 築12年,7.9,12.0,8000.0,7.9,7.9,0.0,7.9,東京メトロ半蔵門線,押上駅,徒歩,7.0,1K,21.3,西,マンション,東京都墨田区横川２
202301240142,2023-01-24,東京メトロ半蔵門線 押上駅 8階建 築12年,7.9,12.0,8000.0,7.9,7.9,0.0,0,東京メトロ半蔵門線,押上駅,徒歩,7.0,1K,21.3,西,マンション,東京都墨田区横川２
202301240143,2023-01-24,ヴァレッシア錦糸町シティ,7.9,12.0,8000.0,7.9,7.9,0.0,7.9,東京メトロ半蔵門線,押上駅,徒歩,7.0,1K,21.3,-,マンション,東京都墨田区横川２
202301240144,2023-01-24,ヴァレッシア錦糸町シティ,7.9,12.0,8000.0,7.9,7.9,0.0,7.9,東京メトロ半蔵門線,押上駅,徒歩,7.0,1K,21.3,-,マンション,東京都墨田区横川２
202301240145,2023-01-24,ヴァレッシア錦糸町シティ,7.9,12.0,8000.0,7.9,7.9,0.0,0,東京メトロ半蔵門線,押上駅,徒歩,7.0,1K,21.3,西,マンション,東京都墨田区横川２
202301240146,2023-01-24,ヴァレッシア錦糸町シティ,7.9,12.0,8000.0,7.9,7.9,0.0,0,都営浅草線,押上駅,徒歩,7.0,1K,21.3,西,マンション,東京都墨田区横川２
202301240147,2023-01-24,プレステージ・ブリランテ押上,7.9,14.0,9000.0,0.0,7.9,0.0,0,東京メトロ半蔵門線,押上駅,徒歩,5.0,1K,20.8,-,マンション,東京都墨田区業平５
202301240148,2023-01-24,プレステージブリランテ押上,7.9,15.0,10000.0,0.0,0.0,7.9,7.9,都営浅草線,押上駅,徒歩,9.0,1K,25.84,-,マンション,東京都墨田区業平５
202301240149,2023-01-24,アルテシモトランザ,7.9,12.0,10000.0,0.0,7.9,0.0,0,東京メトロ半蔵門線,押上駅,徒歩,8.0,1K,22.34,南東,マンション,東京都墨田区向島２
202301240150,2023-01-24,アルテシモ　トランザ,7.9,12.0,10000.0,0.0,7.9,0.0,0,東京メトロ半蔵門線,押上駅,徒歩,8.0,1K,22.34,南東,マンション,東京都墨田区向島２
202301240151,2023-01-24,東京メトロ半蔵門線 押上駅 12階建 築12年,7.9,12.0,10000.0,0.0,7.9,0.0,0,東京メトロ半蔵門線,押上駅,徒歩,8.0,1K,22.34,南東,マンション,東京都墨田区向島２
202301240152,2023-01-24,アルテシモトランザ,7.9,12.0,10000.0,0.0,7.9,0.0,0,東京メトロ半蔵門線,押上駅,徒歩,8.0,1K,22.34,南東,マンション,東京都墨田区向島２
202301240153,2023-01-24,アルテシモトランザ,7.9,12.0,10000.0,0.0,7.9,0.0,0,東京メトロ半蔵門線,押上駅,徒歩,8.0,1K,22.34,南東,マンション,東京都墨田区向島２
202301240154,2023-01-24,アルテシモ　トランザ,7.9,12.0,10000.0,0.0,7.9,0.0,0,東京メトロ半蔵門線,押上駅,徒歩,8.0,1K,22.34,南東,マンション,東京都墨田区向島２
202301240155,2023-01-24,京成押上線 京成曳舟駅 9階建 築7年,7.9,7.0,15000.0,7.9,7.9,0.0,0,都営浅草線,押上駅,徒歩,15.0,1K,25.5,北東,マンション,東京都墨田区京島１
202301240156,2023-01-24,ハーモニーレジデンス東京イーストコア＃００５,7.9,7.0,15000.0,7.9,7.9,0.0,7.9,都営浅草線,押上駅,徒歩,15.0,1K,25.5,北東,マンション,東京都墨田区京島１
202301240157,2023-01-24,東武伊勢崎線 曳舟駅 7階建 築10年,7.95,10.0,10000.0,0.0,7.95,0.0,0,東京メトロ半蔵門線,押上駅,徒歩,15.0,1K,25.66,西,マンション,東京都墨田区向島５
202301240158,2023-01-24,ハーモニーレジデンス東京イーストコア＃002 203号室,7.95,10.0,10000.0,0.0,7.95,0.0,0,東京メトロ半蔵門線,押上駅,徒歩,15.0,1K,25.66,西,マンション,東京都墨田区向島５
202301240159,2023-01-24,丸井マンション,8.0,50.0,0.0,8.0,8.0,0.0,0,東京メトロ半蔵門線,押上駅,徒歩,2.0,1K,30,南,マンション,東京都墨田区業平４
202301240160,2023-01-24,丸井マンション,8.0,54.0,0.0,8.0,0.0,0.0,0,東京メトロ半蔵門線,押上駅,徒歩,3.0,1K,29.7,南東,マンション,東京都墨田区業平４
202301240161,2023-01-24,東京メトロ半蔵門線 押上駅 4階建 築54年,8.0,54.0,0.0,8.0,0.0,0.0,0,東京メトロ半蔵門線,押上駅,徒歩,3.0,1K,29.7,南東,マンション,東京都墨田区業平４
202301240162,2023-01-24,東京メトロ半蔵門線 押上駅 6階建 築16年,8.0,16.0,0.0,0.0,8.0,0.0,0,東京メトロ半蔵門線,押上駅,徒歩,12.0,1K,22.4,南東,マンション,東京都墨田区文花１
202301240163,2023-01-24,ＣＡＳＡ２３４ 202号室,8.0,51.0,5000.0,8.0,0.0,0.0,0,都営浅草線,押上駅,徒歩,10.0,2K,33.45,南,アパート,東京都墨田区横川２
202301240164,2023-01-24,東京メトロ半蔵門線 押上駅 7階建 築13年,8.0,13.0,5000.0,8.0,8.0,0.0,8,東京メトロ半蔵門線,押上駅,徒歩,7.0,1K,20.65,南,マンション,東京都墨田区業平３
202301240165,2023-01-24,マイスターハウス向島,8.0,18.0,6000.0,8.0,8.0,0.0,0,都営浅草線,押上駅,徒歩,7.0,ワンルーム,32.03,南東,マンション,東京都墨田区向島３
202301240166,2023-01-24,都営浅草線 押上駅 8階建 築18年,8.0,18.0,6000.0,8.0,8.0,0.0,0,都営浅草線,押上駅,徒歩,7.0,ワンルーム,32.03,南東,マンション,東京都墨田区向島３
202301240167,2023-01-24,東京メトロ銀座線 浅草駅 12階建 築14年,8.0,14.0,6000.0,8.0,8.0,0.0,0,東京メトロ半蔵門線,押上駅,徒歩,14.0,1K,22.16,南,マンション,東京都墨田区吾妻橋２
202301240168,2023-01-24,ＪＲ総武線 錦糸町駅 10階建 築22年,8.0,22.0,7000.0,0.0,0.0,0.0,0,東武伊勢崎線,押上駅,徒歩,15.0,1K,25.92,南,マンション,東京都墨田区太平２
202301240169,2023-01-24,京成押上線 押上駅 8階建 築15年,8.0,15.0,9000.0,8.0,8.0,0.0,0,京成押上線,押上駅,徒歩,10.0,1K,24.53,東,マンション,東京都墨田区向島２
202301240170,2023-01-24,京成押上線 押上駅 8階建 築15年,8.0,15.0,9000.0,8.0,8.0,0.0,0,京成押上線,押上駅,徒歩,10.0,1K,24.53,東,マンション,東京都墨田区向島２
202301240171,2023-01-24,京成押上線 押上駅 8階建 築15年,8.0,15.0,9000.0,8.0,8.0,0.0,0,京成押上線,押上駅,徒歩,10.0,1K,24.53,東,マンション,東京都墨田区向島２
202301240172,2023-01-24,京成押上線 押上駅 8階建 築15年,8.0,15.0,9000.0,8.0,8.0,0.0,0,京成押上線,押上駅,徒歩,10.0,1K,24.53,東,マンション,東京都墨田区向島２
202301240173,2023-01-24,京成押上線 押上駅 8階建 築15年,8.0,15.0,9000.0,8.0,8.0,0.0,0,京成押上線,押上駅,徒歩,10.0,1K,24.53,東,マンション,東京都墨田区向島２
202301240174,2023-01-24,京成押上線 押上駅 8階建 築15年,8.0,15.0,9000.0,8.0,8.0,0.0,0,京成押上線,押上駅,徒歩,10.0,1K,24.53,東,マンション,東京都墨田区向島２
202301240175,2023-01-24,スカイコート押上参番館,8.0,12.0,10000.0,0.0,8.0,0.0,0,東京メトロ半蔵門線,押上駅,徒歩,9.0,1K,25.81,南東,マンション,東京都墨田区向島３
202301240176,2023-01-24,スカイコート押上参番館,8.0,12.0,10000.0,0.0,8.0,0.0,0,東京メトロ半蔵門線,押上駅,徒歩,9.0,1K,25.81,南東,マンション,東京都墨田区向島３
202301240177,2023-01-24,東京メトロ半蔵門線 押上駅 7階建 築12年,8.0,12.0,10000.0,0.0,8.0,0.0,0,東京メトロ半蔵門線,押上駅,徒歩,9.0,1K,25.81,南東,マンション,東京都墨田区向島３
202301240178,2023-01-24,東京メトロ半蔵門線 押上駅 7階建 築12年,8.0,12.0,10000.0,0.0,8.0,0.0,0,東京メトロ半蔵門線,押上駅,徒歩,9.0,1K,25.81,南東,マンション,東京都墨田区向島３
202301240179,2023-01-24,スカイコート押上参番館,8.0,12.0,10000.0,0.0,8.0,0.0,0,京成押上線,押上駅,徒歩,9.0,1K,25.81,南東,マンション,東京都墨田区向島３
202301240180,2023-01-24,スカイコート押上参番館,8.0,12.0,10000.0,0.0,8.0,0.0,0,京成押上線,押上駅,徒歩,11.0,1K,25.81,南東,マンション,東京都墨田区向島３
202301240181,2023-01-24,東武伊勢崎線 とうきょうスカイツリー駅 7階建 築12年,8.0,12.0,10000.0,0.0,8.0,0.0,0,東京メトロ半蔵門線,押上駅,徒歩,9.0,1K,25.81,南東,マンション,東京都墨田区向島３
202301240182,2023-01-24,スカイコート押上参番館,8.0,12.0,10000.0,0.0,8.0,0.0,0,京成押上線,押上駅,徒歩,9.0,1K,25.81,南東,マンション,東京都墨田区向島３
202301240183,2023-01-24,東京メトロ半蔵門線 押上駅 7階建 築12年,8.0,12.0,10000.0,0.0,8.0,0.0,0,東京メトロ半蔵門線,押上駅,徒歩,9.0,1K,25.81,南東,マンション,東京都墨田区向島３
202301240184,2023-01-24,スカイコート押上参番館,8.0,12.0,10000.0,0.0,8.0,0.0,0,東京メトロ半蔵門線,押上駅,徒歩,9.0,1K,25.81,南東,マンション,東京都墨田区向島３
202301240185,2023-01-24,東京メトロ半蔵門線 押上駅 7階建 築12年,8.0,12.0,10000.0,0.0,8.0,0.0,0,東京メトロ半蔵門線,押上駅,徒歩,9.0,1K,25.81,南東,マンション,東京都墨田区向島３
202301240186,2023-01-24,東京メトロ半蔵門線 押上駅 7階建 築12年,8.0,12.0,10000.0,0.0,8.0,0.0,0,東京メトロ半蔵門線,押上駅,徒歩,9.0,1K,25.81,南東,マンション,東京都墨田区向島３
202301240187,2023-01-24,スカイコート押上参番館,8.0,12.0,10000.0,0.0,8.0,0.0,0,東京メトロ半蔵門線,押上駅,徒歩,9.0,1K,25.81,南東,アパート,東京都墨田区向島３
202301240188,2023-01-24,スカイコート押上参番館,8.0,12.0,10000.0,0.0,8.0,0.0,0,東京メトロ半蔵門線,押上駅,徒歩,9.0,1K,25.81,南東,マンション,東京都墨田区向島３
202301240189,2023-01-24,東京メトロ半蔵門線 押上駅 7階建 築12年,8.0,12.0,15000.0,0.0,8.0,0.0,0,東京メトロ半蔵門線,押上駅,徒歩,3.0,1K,23.52,西,マンション,東京都墨田区業平５
202301240190,2023-01-24,東京メトロ半蔵門線 押上駅 7階建 築12年,8.0,12.0,15000.0,0.0,8.0,0.0,0,東京メトロ半蔵門線,押上駅,徒歩,3.0,1K,23.52,西,マンション,東京都墨田区業平５
202301240191,2023-01-24,東京メトロ半蔵門線 押上駅 7階建 築12年,8.0,12.0,15000.0,0.0,8.0,0.0,0,東京メトロ半蔵門線,押上駅,徒歩,3.0,1K,23.52,西,マンション,東京都墨田区業平５
202301240192,2023-01-24,東京メトロ半蔵門線 押上駅 7階建 築12年,8.0,12.0,15000.0,0.0,8.0,0.0,0,東京メトロ半蔵門線,押上駅,徒歩,3.0,1K,23.52,-,マンション,東京都墨田区業平５
202301240193,2023-01-24,メインステージ押上IV,8.0,12.0,15000.0,0.0,8.0,0.0,0,東京メトロ半蔵門線,押上駅,徒歩,3.0,1K,23.52,西,マンション,東京都墨田区業平５
202301240194,2023-01-24,メインステージ押上IV(メインステージオシアゲフォー),8.0,12.0,15000.0,0.0,8.0,0.0,0,東京メトロ半蔵門線,押上駅,徒歩,3.0,1K,23.52,西,マンション,東京都墨田区業平５
202301240195,2023-01-24,東京メトロ半蔵門線 押上駅 7階建 築12年,8.0,12.0,15000.0,0.0,8.0,0.0,0,東京メトロ半蔵門線,押上駅,徒歩,4.0,1K,23.52,西,マンション,東京都墨田区業平５
202301240196,2023-01-24,メインステージ押上IV,8.0,12.0,15000.0,0.0,8.0,0.0,0,京成押上線,押上駅,徒歩,4.0,1K,23.52,西,マンション,東京都墨田区業平５
202301240197,2023-01-24,メインステージ押上IV,8.0,12.0,15000.0,0.0,8.0,0.0,0,東京メトロ半蔵門線,押上駅,徒歩,3.0,1K,23.52,西,マンション,東京都墨田区業平５
202301240198,2023-01-24,東京メトロ半蔵門線 押上駅 7階建 築12年,8.0,12.0,15000.0,0.0,8.0,0.0,0,東京メトロ半蔵門線,押上駅,徒歩,3.0,1K,23.52,西,マンション,東京都墨田区業平５
202301240199,2023-01-24,メインステージ押上IV,8.0,12.0,15000.0,0.0,8.0,0.0,0,京成押上線,押上駅,徒歩,3.0,1K,23.52,西,マンション,東京都墨田区業平５
202301240200,2023-01-24,グラントゥルース東向島,8.1,15.0,10000.0,0.0,0.0,8.1,0,東京メトロ半蔵門線,押上駅,徒歩,23.0,ワンルーム,28.81,南東,マンション,東京都墨田区東向島５
202301240201,2023-01-24,東京メトロ半蔵門線 押上駅 6階建 築44年,8.2,44.0,3000.0,8.2,0.0,0.0,0,東京メトロ半蔵門線,押上駅,徒歩,13.0,2K,27.09,-,マンション,東京都墨田区東駒形４
202301240202,2023-01-24,都営浅草線 本所吾妻橋駅 5階建 築7年,8.2,7.0,5000.0,8.2,8.2,0.0,0,東京メトロ半蔵門線,押上駅,徒歩,14.0,1K,26.4,東,マンション,東京都墨田区本所４
202301240203,2023-01-24,prendre azumabashi,8.2,7.0,5000.0,8.2,8.2,0.0,0,東京メトロ半蔵門線,押上駅,徒歩,14.0,1K,26.4,東,マンション,東京都墨田区本所４
202301240204,2023-01-24,ｐｒｅｎｄｒｅ　ａｚｕｍａｂａｓｈｉ,8.2,7.0,5000.0,8.2,8.2,0.0,0,東京メトロ半蔵門線,押上駅,徒歩,14.0,1K,26.4,東,マンション,東京都墨田区本所４
202301240205,2023-01-24,都営浅草線 本所吾妻橋駅 5階建 築7年,8.2,7.0,5000.0,8.2,8.2,0.0,0,東京メトロ半蔵門線,押上駅,徒歩,14.0,1K,26.4,東,マンション,東京都墨田区本所４
202301240206,2023-01-24,東京メトロ半蔵門線 押上駅 5階建 築7年,8.2,7.0,5000.0,8.2,8.2,0.0,0,東京メトロ半蔵門線,押上駅,徒歩,14.0,1K,26.4,東,マンション,東京都墨田区本所４
202301240207,2023-01-24,都営浅草線 本所吾妻橋駅 5階建 築7年,8.2,7.0,5000.0,8.2,8.2,0.0,0,東京メトロ半蔵門線,押上駅,徒歩,14.0,1K,26.4,東,マンション,東京都墨田区本所４
202301240208,2023-01-24,ルーブル亀戸天神前,8.2,9.0,6000.0,0.0,0.0,8.8,0,都営浅草線,押上駅,徒歩,18.0,1K,25.48,北,マンション,東京都江東区亀戸３
202301240209,2023-01-24,東京メトロ半蔵門線 錦糸町駅 9階建 築9年,8.2,9.0,6000.0,0.0,0.0,8.8,8.2,東京メトロ半蔵門線,押上駅,徒歩,16.0,1K,25.48,北,マンション,東京都江東区亀戸３
202301240210,2023-01-24,東京メトロ半蔵門線 錦糸町駅 9階建 築9年,8.2,9.0,6000.0,0.0,0.0,8.8,8.2,東京メトロ半蔵門線,押上駅,徒歩,16.0,1K,25.48,北,マンション,東京都江東区亀戸３
202301240211,2023-01-24,ルーブル亀戸天神前,8.2,9.0,6000.0,0.0,0.0,8.2,0,都営浅草線,押上駅,徒歩,17.0,1K,25.48,-,マンション,東京都江東区亀戸３
202301240212,2023-01-24,都営浅草線 本所吾妻橋駅 7階建 築6年,8.2,6.0,9000.0,4.1,8.2,0.0,0,東京メトロ半蔵門線,押上駅,徒歩,16.0,1K,25.23,西,マンション,東京都墨田区本所４
202301240213,2023-01-24,ブランノワール浅草言問,8.2,8.0,14000.0,0.0,0.0,0.0,0,京成押上線,押上駅,徒歩,10.0,1K,25.1,東,マンション,東京都墨田区向島１
202301240214,2023-01-24,東武伊勢崎線 とうきょうスカイツリー駅 9階建 築8年,8.2,8.0,14000.0,0.0,0.0,0.0,0,東京メトロ半蔵門線,押上駅,徒歩,10.0,1K,25.1,東,マンション,東京都墨田区向島１
202301240215,2023-01-24,東武伊勢崎線 とうきょうスカイツリー駅 9階建 築8年,8.2,8.0,14000.0,0.0,0.0,0.0,0,東京メトロ半蔵門線,押上駅,徒歩,10.0,1K,25.1,東,マンション,東京都墨田区向島１
202301240216,2023-01-24,ブランノワール浅草言問,8.2,8.0,14000.0,0.0,0.0,0.0,0,京成押上線,押上駅,徒歩,10.0,1K,25.1,東,マンション,東京都墨田区向島１
202301240217,2023-01-24,東武伊勢崎線 とうきょうスカイツリー駅 9階建 築8年,8.2,8.0,14000.0,0.0,0.0,0.0,0,東京メトロ半蔵門線,押上駅,徒歩,10.0,1K,25.1,東,マンション,東京都墨田区向島１
202301240218,2023-01-24,東武伊勢崎線 とうきょうスカイツリー駅 9階建 築8年,8.2,8.0,14000.0,0.0,0.0,0.0,0,東京メトロ半蔵門線,押上駅,徒歩,10.0,1K,25.1,東,マンション,東京都墨田区向島１
202301240219,2023-01-24,ブランノワール浅草言問,8.2,8.0,14000.0,0.0,0.0,0.0,0,京成押上線,押上駅,徒歩,10.0,1K,25.1,東,マンション,東京都墨田区向島１
202301240220,2023-01-24,東武伊勢崎線 とうきょうスカイツリー駅 9階建 築8年,8.2,8.0,14000.0,0.0,0.0,0.0,0,東京メトロ半蔵門線,押上駅,徒歩,10.0,1K,25.1,東,マンション,東京都墨田区向島１
202301240221,2023-01-24,東武伊勢崎線 とうきょうスカイツリー駅 9階建 築8年,8.2,8.0,14000.0,0.0,0.0,0.0,0,東京メトロ半蔵門線,押上駅,徒歩,10.0,1K,25.1,東,マンション,東京都墨田区向島１
202301240222,2023-01-24,ブランノワール浅草言問,8.2,8.0,14000.0,0.0,0.0,0.0,0,京成押上線,押上駅,徒歩,10.0,1K,25.1,東,マンション,東京都墨田区向島１
202301240223,2023-01-24,ブランノワール浅草言問,8.2,8.0,14000.0,0.0,0.0,0.0,0,東京メトロ半蔵門線,押上駅,徒歩,10.0,1K,25.1,東,マンション,東京都墨田区向島１
202301240224,2023-01-24,ブランノワール浅草言問,8.2,8.0,14000.0,0.0,0.0,0.0,0,京成押上線,押上駅,徒歩,10.0,1K,25.1,東,マンション,東京都墨田区向島１
202301240225,2023-01-24,ブランノワール浅草言問,8.2,8.0,14000.0,0.0,0.0,0.0,0,京成押上線,押上駅,徒歩,10.0,1K,25.1,東,マンション,東京都墨田区向島１
202301240226,2023-01-24,ブランノワール浅草言問,8.2,8.0,14000.0,0.0,0.0,0.0,0,京成押上線,押上駅,徒歩,10.0,1K,25.1,東,マンション,東京都墨田区向島１
202301240227,2023-01-24,東武伊勢崎線 とうきょうスカイツリー駅 9階建 築8年,8.2,8.0,14000.0,0.0,0.0,0.0,0,東京メトロ半蔵門線,押上駅,徒歩,10.0,1K,25.1,東,マンション,東京都墨田区向島１
202301240228,2023-01-24,アリカ向島,8.25,5.0,10000.0,8.25,0.0,0.0,0,東京メトロ半蔵門線,押上駅,徒歩,9.0,1K,25,南東,マンション,東京都墨田区向島５
202301240229,2023-01-24,リルシア東向島,8.25,4.0,15000.0,0.0,8.25,0.0,0,東京メトロ半蔵門線,押上駅,徒歩,20.0,1K,26.56,北西,マンション,東京都墨田区東向島３
202301240230,2023-01-24,ＥＤＩＴ　吾妻橋,8.3,5.0,4000.0,8.3,8.3,0.0,0,都営浅草線,押上駅,徒歩,6.0,ワンルーム,21.88,南,マンション,東京都墨田区吾妻橋３
202301240231,2023-01-24,エフシティ亀戸 405号室,8.3,15.0,6000.0,8.3,8.3,0.0,0,東京メトロ半蔵門線,押上駅,徒歩,12.0,1K,25.26,北,マンション,東京都江東区亀戸３
202301240232,2023-01-24,エフシティ亀戸 405号室,8.3,15.0,6000.0,8.3,8.3,0.0,0,東京メトロ半蔵門線,押上駅,徒歩,15.0,1K,25.26,北,マンション,東京都江東区亀戸３
202301240233,2023-01-24,ＪＲ総武線快速 錦糸町駅 10階建 築15年,8.3,15.0,6000.0,8.3,8.3,0.0,0,東京メトロ半蔵門線,押上駅,徒歩,12.0,1K,25.26,北,マンション,東京都江東区亀戸３
202301240234,2023-01-24,東京メトロ半蔵門線 押上駅 7階建 築14年,8.3,14.0,10000.0,0.0,8.3,0.0,0,東京メトロ半蔵門線,押上駅,徒歩,5.0,1K,20.8,-,マンション,東京都墨田区業平５
202301240235,2023-01-24,京成押上線 押上駅 7階建 築14年,8.3,14.0,10000.0,0.0,8.3,0.0,0,京成押上線,押上駅,徒歩,5.0,1K,20.8,北,マンション,東京都墨田区業平５
202301240236,2023-01-24,京成押上線 京成曳舟駅 4階建 築19年,8.4,19.0,3000.0,4.2,8.4,0.0,0,都営浅草線,押上駅,徒歩,16.0,1DK,29.14,西,マンション,東京都墨田区京島３
202301240237,2023-01-24,エスパシオ アウローラ,8.4,17.0,5000.0,8.4,8.4,0.0,0,東京メトロ半蔵門線,押上駅,徒歩,13.0,1K,26.97,東,マンション,東京都墨田区本所４
202301240238,2023-01-24,エスパシオ　アウローラ,8.4,17.0,5000.0,8.4,8.4,0.0,0,東京メトロ半蔵門線,押上駅,徒歩,13.0,1K,26.97,-,マンション,東京都墨田区本所４
202301240239,2023-01-24,都営浅草線 本所吾妻橋駅 6階建 築17年,8.4,17.0,5000.0,8.4,8.4,0.0,0,京成押上線,押上駅,徒歩,13.0,1K,26.97,東,マンション,東京都墨田区本所４
202301240240,2023-01-24,メゾン・ド・ラペ,8.4,11.0,5000.0,8.4,8.4,0.0,0,東京メトロ半蔵門線,押上駅,徒歩,7.0,ワンルーム,25.3,東,マンション,東京都墨田区向島４
202301240241,2023-01-24,プレール・ドゥーク押上III,8.4,7.0,8000.0,0.0,8.4,0.0,0,東京メトロ半蔵門線,押上駅,徒歩,9.0,1K,25.49,南東,マンション,東京都墨田区向島５
202301240242,2023-01-24,東京メトロ半蔵門線 押上駅 8階建 築6年,8.4,6.0,15000.0,0.0,0.0,8.4,8.4,東京メトロ半蔵門線,押上駅,徒歩,9.0,1K,28.19,-,マンション,東京都墨田区向島２
202301240243,2023-01-24,ハーモニーレジデンス東京イーストコア＃００５,8.4,7.0,15000.0,0.0,0.0,0.0,0,都営浅草線,押上駅,徒歩,15.0,1K,25.5,北東,マンション,東京都墨田区京島１
202301240244,2023-01-24,ホームズシャーロック,8.5,32.0,2000.0,8.5,8.5,0.0,0,東京メトロ半蔵門線,押上駅,徒歩,7.0,1DK,29.43,東,マンション,東京都墨田区押上２
202301240245,2023-01-24,東武伊勢崎線 曳舟駅 4階建 築32年,8.5,32.0,2000.0,8.5,8.5,0.0,0,東京メトロ半蔵門線,押上駅,徒歩,7.0,1DK,29.43,東,マンション,東京都墨田区押上２
202301240246,2023-01-24,ホームズシャーロック,8.5,32.0,2000.0,8.5,8.5,0.0,0,東京メトロ半蔵門線,押上駅,徒歩,7.0,1DK,29.43,東,マンション,東京都墨田区押上２
202301240247,2023-01-24,Ｓｉｒｏ　Ｏｓｈｉａｇｅ,8.5,6.0,4000.0,8.5,8.5,0.0,0,東京メトロ半蔵門線,押上駅,徒歩,6.0,1K,30.37,西,マンション,東京都墨田区横川３
202301240248,2023-01-24,AQUA PRIME TOWER OSHIAGE,8.5,15.0,10000.0,0.0,0.0,0.0,0,東京メトロ半蔵門線,押上駅,徒歩,10.0,1K,26.18,北西,マンション,東京都墨田区向島５
202301240249,2023-01-24,Ｌｉｂｅｒｔｅ　Ｓｋｙｔｒｅｅ　Ｅａｓｔ 302号室,8.5,7.0,10000.0,0.0,8.5,0.0,0,東京メトロ半蔵門線,押上駅,徒歩,6.0,1K,25,南西,マンション,東京都墨田区向島３
202301240250,2023-01-24,東京メトロ半蔵門線 押上駅 3階建 築16年,8.6,16.0,5000.0,0.0,8.6,0.0,0,東京メトロ半蔵門線,押上駅,徒歩,8.0,1K,27.49,南西,マンション,東京都墨田区京島２
202301240251,2023-01-24,アルテシモ　エジス,8.6,5.0,10000.0,0.0,8.6,0.0,0,東京メトロ半蔵門線,押上駅,徒歩,9.0,1K,26.56,-,マンション,東京都墨田区向島５
202301240252,2023-01-24,アルテシモ　エジス,8.6,5.0,10000.0,0.0,8.6,0.0,0,東京メトロ半蔵門線,押上駅,徒歩,9.0,1K,26.56,-,マンション,東京都墨田区向島５
202301240253,2023-01-24,東京メトロ半蔵門線 押上駅 8階建 築5年,8.6,5.0,10000.0,0.0,8.6,0.0,0,東京メトロ半蔵門線,押上駅,徒歩,9.0,1K,26.56,-,マンション,東京都墨田区向島５
202301240254,2023-01-24,東京メトロ半蔵門線 押上駅 8階建 築5年,8.6,5.0,10000.0,0.0,8.6,0.0,0,東京メトロ半蔵門線,押上駅,徒歩,9.0,1K,26.56,-,マンション,東京都墨田区向島５
202301240255,2023-01-24,アルテシモ　エジス..,8.6,5.0,10000.0,0.0,8.6,0.0,0,東京メトロ半蔵門線,押上駅,徒歩,9.0,1K,26.56,-,マンション,東京都墨田区向島５
202301240256,2023-01-24,アルテシモ　アレス 302号室,8.6,7.0,10000.0,0.0,8.6,0.0,0,東京メトロ半蔵門線,押上駅,徒歩,9.0,1K,25.48,南西,マンション,東京都墨田区京島１
202301240257,2023-01-24,アルテシモ　アレス,8.6,7.0,10000.0,0.0,0.0,0.0,0,東京メトロ半蔵門線,押上駅,徒歩,9.0,1K,25.48,南西,マンション,東京都墨田区京島１
202301240258,2023-01-24,アルテシモ　アレス,8.6,7.0,10000.0,0.0,8.6,8.6,0,東京メトロ半蔵門線,押上駅,徒歩,9.0,1K,25.48,南西,マンション,東京都墨田区京島１
202301240259,2023-01-24,ラ ステュディオ押上,8.6,12.0,10000.0,8.6,8.6,0.0,0,東京メトロ半蔵門線,押上駅,徒歩,3.0,1K,25,-,マンション,東京都墨田区押上１
202301240260,2023-01-24,都営浅草線 本所吾妻橋駅 5階建 新築,8.6,0.0,12000.0,0.0,0.0,0.0,0,東京メトロ半蔵門線,押上駅,徒歩,15.0,ワンルーム,20.14,西,マンション,東京都墨田区本所４
202301240261,2023-01-24,都営浅草線 本所吾妻橋駅 5階建 新築,8.6,0.0,12000.0,0.0,0.0,0.0,0,東京メトロ半蔵門線,押上駅,徒歩,15.0,ワンルーム,20.14,西,マンション,東京都墨田区本所４
202301240262,2023-01-24,レピュア本所吾妻橋レジデンス,8.6,0.0,12000.0,0.0,0.0,0.0,0,東京メトロ半蔵門線,押上駅,徒歩,15.0,ワンルーム,20.14,西,マンション,東京都墨田区本所４
202301240263,2023-01-24,レピュア本所吾妻橋レジデンス,8.6,0.0,12000.0,0.0,0.0,0.0,0,東京メトロ半蔵門線,押上駅,徒歩,15.0,ワンルーム,20.14,西,マンション,東京都墨田区本所４
202301240264,2023-01-24,Ｆｏｒｅｓｔ　Ｈｉｌｌ,8.7,16.0,5000.0,0.0,8.7,0.0,0,東京メトロ半蔵門線,押上駅,徒歩,8.0,1K,27.79,南西,マンション,東京都墨田区京島２
202301240265,2023-01-24,東武亀戸線 小村井駅 6階建 新築,8.7,0.0,10000.0,8.7,8.7,0.0,0,都営浅草線,押上駅,徒歩,16.0,1K,25.74,北,マンション,東京都墨田区文花３
202301240266,2023-01-24,セジョリ押上イースト,8.7,4.0,11000.0,0.0,8.7,0.0,0,東京メトロ半蔵門線,押上駅,徒歩,11.0,1K,25.95,南西,マンション,東京都墨田区文花１
202301240267,2023-01-24,クレヴィスタ亀戸II,8.7,6.0,15000.0,0.0,8.7,0.0,0,東武伊勢崎線,押上駅,徒歩,17.0,1K,25.51,東,マンション,東京都江東区亀戸４
202301240268,2023-01-24,グリーンナギ..,8.8,0.0,3500.0,0.0,8.8,0.0,0,東京メトロ半蔵門線,押上駅,徒歩,11.0,1K,26.27,-,アパート,東京都墨田区京島２
202301240269,2023-01-24,東武亀戸線 曳舟駅 3階建 新築,8.8,0.0,3500.0,0.0,8.8,0.0,0,東京メトロ半蔵門線,押上駅,徒歩,11.0,1K,26.27,西,アパート,東京都墨田区京島２
202301240270,2023-01-24,グリーンナギ,8.8,0.0,3500.0,0.0,8.8,0.0,0,東京メトロ半蔵門線,押上駅,徒歩,11.0,1K,26.27,-,アパート,東京都墨田区京島２
202301240271,2023-01-24,東武伊勢崎線 曳舟駅 3階建 築11年,8.8,11.0,5000.0,8.8,8.8,0.0,0,東京メトロ半蔵門線,押上駅,徒歩,8.0,1K,31.74,北東,マンション,東京都墨田区押上２
202301240272,2023-01-24,エスティメゾン押上,8.8,13.0,8000.0,8.8,8.8,0.0,0,都営浅草線,押上駅,徒歩,4.0,1K,24.74,東,マンション,東京都墨田区業平５
202301240273,2023-01-24,サウンドおしあげ,8.8,17.0,8000.0,8.8,8.8,0.0,0,東京メトロ半蔵門線,押上駅,徒歩,5.0,1K,21.9,北西,マンション,東京都墨田区押上３
202301240274,2023-01-24,東京メトロ半蔵門線 押上駅 14階建 築17年,8.8,17.0,8000.0,8.8,8.8,0.0,0,東京メトロ半蔵門線,押上駅,徒歩,5.0,1K,21.9,-,マンション,東京都墨田区押上３
202301240275,2023-01-24,東京メトロ半蔵門線 押上駅 14階建 築17年,8.8,17.0,8000.0,8.8,8.8,0.0,0,東京メトロ半蔵門線,押上駅,徒歩,5.0,1K,21.9,北西,マンション,東京都墨田区押上３
202301240276,2023-01-24,サウンドおしあげ,8.8,17.0,8000.0,8.8,8.8,0.0,0,東京メトロ半蔵門線,押上駅,徒歩,5.0,1K,21.9,北西,マンション,東京都墨田区押上３
202301240277,2023-01-24,サウンドおしあげ,8.8,17.0,8000.0,8.8,8.8,0.0,0,東京メトロ半蔵門線,押上駅,徒歩,5.0,1K,21.9,北西,マンション,東京都墨田区押上３
202301240278,2023-01-24,サウンドおしあげ,8.8,17.0,8000.0,8.8,8.8,0.0,0,東京メトロ半蔵門線,押上駅,徒歩,5.0,1K,21.9,北西,マンション,東京都墨田区押上３
202301240279,2023-01-24,サウンドおしあげ,8.8,17.0,8000.0,8.8,8.8,0.0,0,東京メトロ半蔵門線,押上駅,徒歩,5.0,1K,21.9,-,マンション,東京都墨田区押上３
202301240280,2023-01-24,東京メトロ半蔵門線 押上駅 14階建 築17年,8.8,17.0,8000.0,8.8,8.8,0.0,0,東京メトロ半蔵門線,押上駅,徒歩,5.0,1K,21.9,-,マンション,東京都墨田区押上３
202301240281,2023-01-24,東京メトロ半蔵門線 押上駅 14階建 築17年,8.8,17.0,8000.0,8.8,8.8,0.0,0,東京メトロ半蔵門線,押上駅,徒歩,5.0,1K,21.9,-,マンション,東京都墨田区押上３
202301240282,2023-01-24,東京メトロ半蔵門線 押上駅 14階建 築17年,8.8,17.0,8000.0,8.8,8.8,0.0,0,東京メトロ半蔵門線,押上駅,徒歩,5.0,1K,21.9,-,マンション,東京都墨田区押上３
202301240283,2023-01-24,東京メトロ半蔵門線 押上駅 14階建 築17年,8.8,17.0,8000.0,8.8,8.8,0.0,0,東京メトロ半蔵門線,押上駅,徒歩,5.0,1K,21.9,-,マンション,東京都墨田区押上３
202301240284,2023-01-24,東京メトロ半蔵門線 押上駅 14階建 築17年,8.8,17.0,8000.0,8.8,8.8,0.0,0,東京メトロ半蔵門線,押上駅,徒歩,5.0,1K,21.9,-,マンション,東京都墨田区押上３
202301240285,2023-01-24,サウンドおしあげ,8.8,17.0,8000.0,8.8,8.8,0.0,0,東京メトロ半蔵門線,押上駅,徒歩,5.0,1K,21.9,北西,マンション,東京都墨田区押上３
202301240286,2023-01-24,東武亀戸線 小村井駅 6階建 新築,8.8,0.0,10000.0,8.8,8.8,0.0,0,都営浅草線,押上駅,徒歩,16.0,1K,27.62,北,マンション,東京都墨田区文花３
202301240287,2023-01-24,東京メトロ半蔵門線 押上駅 4階建 築6年,8.8,6.0,10000.0,8.8,0.0,0.0,0,東京メトロ半蔵門線,押上駅,徒歩,5.0,1K,24.48,東,マンション,東京都墨田区横川４
202301240288,2023-01-24,押上ベイス,8.8,6.0,10000.0,8.8,0.0,0.0,0,東京メトロ半蔵門線,押上駅,徒歩,5.0,1K,24.48,東,マンション,東京都墨田区横川４
202301240289,2023-01-24,東京メトロ半蔵門線 押上駅 4階建 築6年,8.8,6.0,10000.0,8.8,0.0,0.0,0,東京メトロ半蔵門線,押上駅,徒歩,4.0,1K,24.48,-,マンション,東京都墨田区横川４
202301240290,2023-01-24,押上ベイス,8.8,6.0,10000.0,8.8,0.0,0.0,0,都営浅草線,押上駅,徒歩,5.0,1K,24.48,東,マンション,東京都墨田区横川４
202301240291,2023-01-24,押上ベイス,8.8,6.0,10000.0,8.8,0.0,0.0,0,東京メトロ半蔵門線,押上駅,徒歩,5.0,1K,24.48,東,マンション,東京都墨田区横川４
202301240292,2023-01-24,押上ベイス,8.8,6.0,10000.0,8.8,0.0,0.0,0,東京メトロ半蔵門線,押上駅,徒歩,5.0,1K,24.48,東,マンション,東京都墨田区横川４
202301240293,2023-01-24,グラシアプレイス曳舟..,8.8,2.0,15000.0,0.0,0.0,0.0,0,京成押上線,押上駅,徒歩,10.0,ワンルーム,25.21,-,マンション,東京都墨田区向島５
202301240294,2023-01-24,グラシアプレイス曳舟,8.8,2.0,15000.0,0.0,0.0,0.0,0,京成押上線,押上駅,徒歩,10.0,ワンルーム,25.21,-,マンション,東京都墨田区向島５
202301240295,2023-01-24,京成押上線 押上駅 5階建 築5年,8.85,5.0,10000.0,0.0,0.0,0.0,0,京成押上線,押上駅,徒歩,17.0,1K,25.8,-,マンション,東京都墨田区文花２
202301240296,2023-01-24,東京メトロ半蔵門線 押上駅 5階建 築4年,8.9,4.0,6000.0,0.0,0.0,0.0,0,東京メトロ半蔵門線,押上駅,徒歩,9.0,1K,20.4,北西,マンション,東京都墨田区向島１
202301240297,2023-01-24,東京メトロ半蔵門線 押上駅 5階建 築4年,8.9,4.0,6000.0,0.0,0.0,0.0,0,東京メトロ半蔵門線,押上駅,徒歩,9.0,1K,20.16,南東,マンション,東京都墨田区向島１
202301240298,2023-01-24,東京メトロ半蔵門線 押上駅 7階建 築16年,8.9,16.0,7400.0,0.0,0.0,0.0,0,東京メトロ半蔵門線,押上駅,徒歩,5.0,ワンルーム,29.45,南東,マンション,東京都墨田区向島３
202301240299,2023-01-24,トレステラレジデンス押上,8.9,3.0,15000.0,0.0,0.0,8.9,0,東京メトロ半蔵門線,押上駅,徒歩,8.0,1K,25.55,北東,マンション,東京都墨田区向島３
202301240300,2023-01-24,東武亀戸線 小村井駅 5階建 築5年,8.95,5.0,10000.0,0.0,0.0,0.0,0,東京メトロ半蔵門線,押上駅,徒歩,17.0,1K,25.95,東,マンション,東京都墨田区文花２
202301240301,2023-01-24,楽陽マンション,9.0,47.0,0.0,0.0,9.0,0.0,0,東京メトロ半蔵門線,押上駅,徒歩,12.0,2DK,38,西,マンション,東京都墨田区向島５
202301240302,2023-01-24,東京メトロ半蔵門線 押上駅 5階建 築47年,9.0,47.0,0.0,0.0,9.0,0.0,0,東京メトロ半蔵門線,押上駅,徒歩,12.0,2DK,38,西,マンション,東京都墨田区向島５
202301240303,2023-01-24,東京メトロ半蔵門線 押上駅 5階建 築47年,9.0,47.0,0.0,0.0,9.0,0.0,0,東京メトロ半蔵門線,押上駅,徒歩,12.0,2DK,38,西,マンション,東京都墨田区向島５
202301240304,2023-01-24,東武亀戸線 曳舟駅 3階建 新築,9.0,0.0,3500.0,0.0,9.0,0.0,0,東京メトロ半蔵門線,押上駅,徒歩,11.0,1K,26.23,西,アパート,東京都墨田区京島２
202301240305,2023-01-24,Ｃｉｔｙ Ｃｒｅａｔｉｏｎ ＳＫＹ,9.0,3.0,7000.0,0.0,0.0,0.0,0,東京メトロ半蔵門線,押上駅,徒歩,7.0,1K,25.18,北西,マンション,東京都墨田区向島１
202301240306,2023-01-24,City Creation SKY,9.0,3.0,7000.0,0.0,0.0,0.0,0,東京メトロ半蔵門線,押上駅,徒歩,7.0,1K,25.18,北西,マンション,東京都墨田区向島１
202301240307,2023-01-24,プレディアンスフォート錦糸町ＨＹ’ｓ(プレディアンスフォートキンシチョ,9.0,8.0,8000.0,9.0,9.0,0.0,0,京成押上線,押上駅,徒歩,10.0,1K,25.22,北,マンション,東京都墨田区横川２
202301240308,2023-01-24,エスティメゾン押上,9.0,13.0,8000.0,9.0,0.0,0.0,0,京成押上線,押上駅,徒歩,6.0,1K,24.74,東,マンション,東京都墨田区業平５
202301240309,2023-01-24,都営浅草線 本所吾妻橋駅 6階建 築8年,9.0,8.0,10000.0,0.0,9.0,0.0,0,東京メトロ半蔵門線,押上駅,徒歩,12.0,1K,26.93,東,マンション,東京都墨田区東駒形４
202301240310,2023-01-24,東武亀戸線 曳舟駅 3階建 新築,9.1,0.0,3500.0,0.0,9.1,0.0,0,東京メトロ半蔵門線,押上駅,徒歩,11.0,1K,26.27,西,アパート,東京都墨田区京島２
202301240311,2023-01-24,ＪＲ総武線快速 錦糸町駅 8階建 築8年,9.1,8.0,8000.0,0.0,9.1,0.0,0,都営浅草線,押上駅,徒歩,9.0,1K,27.3,西,マンション,東京都墨田区太平４
202301240312,2023-01-24,L・BASE押上North,9.1,2.0,12000.0,0.0,0.0,0.0,0,東京メトロ半蔵門線,押上駅,徒歩,8.0,1K,25.01,南,マンション,東京都墨田区横川２
202301240313,2023-01-24,ウェルカーサスカイツリー前,9.2,9.0,5000.0,9.2,9.2,0.0,9.2,東京メトロ半蔵門線,押上駅,徒歩,6.0,1K,27.78,南,マンション,東京都墨田区業平５
202301240314,2023-01-24,東京メトロ半蔵門線 押上駅 6階建 築15年,9.2,15.0,7500.0,0.0,9.2,0.0,0,東京メトロ半蔵門線,押上駅,徒歩,10.0,1K,28.37,西,マンション,東京都墨田区業平５
202301240315,2023-01-24,東京メトロ半蔵門線 押上駅 6階建 築15年,9.2,15.0,7500.0,0.0,9.2,0.0,0,東京メトロ半蔵門線,押上駅,徒歩,10.0,1K,28.37,西,マンション,東京都墨田区業平５
202301240316,2023-01-24,東京メトロ半蔵門線 押上駅 6階建 築15年,9.2,15.0,7500.0,0.0,9.2,0.0,0,東京メトロ半蔵門線,押上駅,徒歩,6.0,1K,28.37,西,マンション,東京都墨田区業平５
202301240317,2023-01-24,東京メトロ半蔵門線 押上駅 6階建 築15年,9.2,15.0,7500.0,0.0,9.2,0.0,0,東京メトロ半蔵門線,押上駅,徒歩,6.0,1K,28.37,西,マンション,東京都墨田区業平５
202301240318,2023-01-24,東京メトロ半蔵門線 押上駅 6階建 築15年,9.2,15.0,7500.0,0.0,9.2,0.0,0,東京メトロ半蔵門線,押上駅,徒歩,6.0,1K,28.37,西,マンション,東京都墨田区業平５
202301240319,2023-01-24,東京メトロ半蔵門線 押上駅 6階建 築15年,9.2,15.0,7500.0,0.0,9.2,0.0,0,東京メトロ半蔵門線,押上駅,徒歩,6.0,1K,28.37,西,マンション,東京都墨田区業平５
202301240320,2023-01-24,ビンシスタ－レット,9.2,15.0,7500.0,0.0,9.2,0.0,0,東京メトロ半蔵門線,押上駅,徒歩,6.0,1K,28.37,西,マンション,東京都墨田区業平５
202301240321,2023-01-24,ビンシスターレット,9.2,15.0,7500.0,0.0,9.2,0.0,0,東京メトロ半蔵門線,押上駅,徒歩,6.0,1K,28.37,西,マンション,東京都墨田区業平５
202301240322,2023-01-24,ビンシスターレット,9.2,15.0,7500.0,0.0,9.2,0.0,0,東京メトロ半蔵門線,押上駅,徒歩,6.0,1K,28.37,西,マンション,東京都墨田区業平５
202301240323,2023-01-24,東京メトロ半蔵門線 押上駅 6階建 築15年,9.2,15.0,7500.0,0.0,9.2,0.0,0,東京メトロ半蔵門線,押上駅,徒歩,6.0,1K,28.37,西,マンション,東京都墨田区業平５
202301240324,2023-01-24,東京メトロ半蔵門線 押上駅 6階建 築15年,9.2,15.0,7500.0,0.0,9.2,0.0,0,東京メトロ半蔵門線,押上駅,徒歩,6.0,1K,28.37,西,マンション,東京都墨田区業平５
202301240325,2023-01-24,都営浅草線 押上駅 6階建 築15年,9.2,15.0,7500.0,0.0,9.2,0.0,0,都営浅草線,押上駅,徒歩,10.0,1K,28.37,西,マンション,東京都墨田区業平５
202301240326,2023-01-24,東京メトロ半蔵門線 押上駅 6階建 築15年,9.2,15.0,7500.0,0.0,9.2,0.0,0,東京メトロ半蔵門線,押上駅,徒歩,6.0,1K,28.37,西,マンション,東京都墨田区業平５
202301240327,2023-01-24,プレール・ドゥーク押上IV,9.2,5.0,8000.0,0.0,9.2,0.0,0,東京メトロ半蔵門線,押上駅,徒歩,8.0,1K,25.5,南東,マンション,東京都墨田区向島３
202301240328,2023-01-24,プレール・ドゥーク押上IV,9.2,5.0,8000.0,0.0,0.0,0.0,0,東京メトロ半蔵門線,押上駅,徒歩,8.0,1K,25.5,南東,マンション,東京都墨田区向島３
202301240329,2023-01-24,東武伊勢崎線 曳舟駅 7階建 新築,9.2,0.0,10000.0,0.0,0.0,0.0,0,京成押上線,押上駅,徒歩,12.0,1K,26.07,-,マンション,東京都墨田区向島５
202301240330,2023-01-24,レーヴスカイツリー押上,9.2,3.0,12000.0,0.0,0.0,0.0,0,東京メトロ半蔵門線,押上駅,徒歩,4.0,ワンルーム,26.37,南東,マンション,東京都墨田区向島３
202301240331,2023-01-24,ライトテラス錦糸町 903号室,9.2,3.0,15000.0,9.2,0.0,0.0,0,都営浅草線,押上駅,徒歩,18.0,ワンルーム,25.26,北,マンション,東京都墨田区太平４
202301240332,2023-01-24,東京メトロ半蔵門線 錦糸町駅 4階建 築29年,9.3,29.0,3000.0,4.65,9.3,0.0,0,東京メトロ半蔵門線,押上駅,徒歩,14.0,1LDK,40.58,南,マンション,東京都江東区亀戸３
202301240333,2023-01-24,ＪＲ総武線 亀戸駅 4階建 築29年,9.3,29.0,3000.0,4.65,9.3,0.0,0,東京メトロ半蔵門線,押上駅,徒歩,14.0,1LDK,40.58,南,マンション,東京都江東区亀戸３
202301240334,2023-01-24,ルフレグランデ押上,9.3,4.0,10000.0,0.0,0.0,9.3,0,東京メトロ半蔵門線,押上駅,徒歩,6.0,1K,26.25,北西,マンション,東京都墨田区向島３
202301240335,2023-01-24,ルフレグランデ押上,9.3,4.0,10000.0,0.0,0.0,9.3,9.3,東京メトロ半蔵門線,押上駅,徒歩,6.0,1K,26.25,北西,マンション,東京都墨田区向島３
202301240336,2023-01-24,東京メトロ半蔵門線 押上駅 7階建 築4年,9.3,4.0,10000.0,0.0,0.0,9.3,9.3,東京メトロ半蔵門線,押上駅,徒歩,6.0,1K,26.25,北西,マンション,東京都墨田区向島３
202301240337,2023-01-24,東京メトロ半蔵門線 押上駅 7階建 築4年,9.3,4.0,10000.0,0.0,0.0,9.3,9.3,東京メトロ半蔵門線,押上駅,徒歩,6.0,1K,26.25,北西,マンション,東京都墨田区向島３
202301240338,2023-01-24,東京メトロ半蔵門線 押上駅 7階建 築4年,9.3,4.0,10000.0,0.0,0.0,9.3,9.3,東京メトロ半蔵門線,押上駅,徒歩,6.0,1K,26.25,北西,マンション,東京都墨田区向島３
202301240339,2023-01-24,東京メトロ半蔵門線 押上駅 7階建 築4年,9.3,4.0,10000.0,0.0,0.0,9.3,9.3,東京メトロ半蔵門線,押上駅,徒歩,6.0,1K,26.25,-,マンション,東京都墨田区向島３
202301240340,2023-01-24,ルフレグランデ押上,9.3,4.0,10000.0,0.0,0.0,9.3,0,東京メトロ半蔵門線,押上駅,徒歩,6.0,1K,26.25,北西,マンション,東京都墨田区向島３
202301240341,2023-01-24,ルフレグランデ押上,9.3,4.0,10000.0,0.0,0.0,9.3,0,東京メトロ半蔵門線,押上駅,徒歩,6.0,1K,26.25,北西,マンション,東京都墨田区向島３
202301240342,2023-01-24,東京メトロ半蔵門線 押上駅 7階建 築4年,9.3,4.0,10000.0,0.0,0.0,9.3,9.3,東京メトロ半蔵門線,押上駅,徒歩,6.0,1K,26.25,北西,マンション,東京都墨田区向島３
202301240343,2023-01-24,ルフレグランデ押上,9.3,4.0,10000.0,0.0,0.0,9.3,9.3,東京メトロ半蔵門線,押上駅,徒歩,6.0,1K,26.25,北西,マンション,東京都墨田区向島３
202301240344,2023-01-24,東京メトロ半蔵門線 押上駅 7階建 築4年,9.3,4.0,10000.0,0.0,0.0,9.3,9.3,東京メトロ半蔵門線,押上駅,徒歩,6.0,1K,26.25,北西,マンション,東京都墨田区向島３
202301240345,2023-01-24,東京メトロ半蔵門線 押上駅 7階建 築4年,9.3,4.0,10000.0,0.0,0.0,9.3,9.3,東京メトロ半蔵門線,押上駅,徒歩,6.0,1K,26.25,北西,マンション,東京都墨田区向島３
202301240346,2023-01-24,東京メトロ半蔵門線 押上駅 7階建 築4年,9.3,4.0,10000.0,0.0,0.0,9.3,9.3,東京メトロ半蔵門線,押上駅,徒歩,6.0,1K,26.25,北西,マンション,東京都墨田区向島３
202301240347,2023-01-24,東京メトロ半蔵門線 押上駅 7階建 築4年,9.3,4.0,10000.0,0.0,0.0,9.3,9.3,東京メトロ半蔵門線,押上駅,徒歩,6.0,1K,26.25,北西,マンション,東京都墨田区向島３
202301240348,2023-01-24,クレストコートTS吾妻橋 502号室,9.3,6.0,10000.0,9.3,9.3,0.0,0,京成押上線,押上駅,徒歩,8.0,1K,25.19,西,マンション,東京都墨田区吾妻橋３
202301240349,2023-01-24,プレセダンヒルズ押上,9.35,5.0,3000.0,0.0,9.35,0.0,0,東京メトロ半蔵門線,押上駅,徒歩,8.0,1K,25.95,北西,マンション,東京都墨田区向島２
202301240350,2023-01-24,Ｓ－ＲＥＳＩＤＥＮＣＥ本所吾妻橋,9.35,0.0,10000.0,9.35,9.35,0.0,0,東京メトロ半蔵門線,押上駅,徒歩,10.0,1K,25.35,東,マンション,東京都墨田区東駒形４
202301240351,2023-01-24,PREMIUM CUBE 亀戸 203号室,9.35,0.0,15000.0,0.0,0.0,0.0,0,都営浅草線,押上駅,徒歩,18.0,1DK,26.95,東,マンション,東京都江東区亀戸３
202301240352,2023-01-24,PREMIUM CUBE 亀戸,9.45,1.0,15000.0,0.0,0.0,0.0,0,都営浅草線,押上駅,徒歩,23.0,1DK,26.95,東,マンション,東京都江東区亀戸３
202301240353,2023-01-24,石塚マンションII,9.5,19.0,3000.0,9.5,9.5,0.0,0,京成押上線,押上駅,徒歩,5.0,1DK,38.91,西,マンション,東京都墨田区業平３
202301240354,2023-01-24,都営浅草線 押上駅 9階建 新築,9.5,0.0,10000.0,0.0,0.0,0.0,0,都営浅草線,押上駅,徒歩,7.0,1DK,25.42,北西,マンション,東京都墨田区押上２
202301240355,2023-01-24,サンフル押上I 202号室,9.5,16.0,10000.0,0.0,0.0,0.0,0,東京メトロ半蔵門線,押上駅,徒歩,2.0,1K,24.82,-,マンション,東京都墨田区業平３
202301240356,2023-01-24,東武亀戸線 亀戸駅 9階建 築1年,9.5,1.0,13000.0,0.0,0.0,0.0,0,都営浅草線,押上駅,徒歩,19.0,1K,25.51,北,マンション,東京都江東区亀戸３
202301240357,2023-01-24,S-RESIDENCE押上Blossom,9.55,0.0,10000.0,9.55,9.55,0.0,0,東京メトロ半蔵門線,押上駅,徒歩,7.0,1DK,25.42,北西,マンション,東京都墨田区押上２
202301240358,2023-01-24,東武亀戸線 亀戸駅 15階建 新築,9.6,0.0,15000.0,0.0,0.0,0.0,0,都営浅草線,押上駅,徒歩,18.0,1DK,25.5,東,マンション,東京都江東区亀戸３
202301240359,2023-01-24,S-RESIDENCE押上Blossom,9.65,0.0,10000.0,9.65,9.65,0.0,0,東京メトロ半蔵門線,押上駅,徒歩,7.0,1K,25.42,北西,マンション,東京都墨田区押上２
202301240360,2023-01-24,東京メトロ銀座線 浅草駅 8階建 新築,9.7,0.0,6000.0,0.0,9.7,0.0,0,東京メトロ半蔵門線,押上駅,徒歩,20.0,1K,29.37,-,マンション,東京都台東区今戸１
202301240361,2023-01-24,アン　ハヤシ　インク,9.7,1.0,6000.0,0.0,9.7,0.0,0,都営浅草線,押上駅,徒歩,24.0,1K,29.37,南,マンション,東京都台東区今戸１
202301240362,2023-01-24,アン　ハヤシ　インク,9.7,1.0,6000.0,0.0,9.7,0.0,0,都営浅草線,押上駅,徒歩,24.0,1K,29.37,南,マンション,東京都台東区今戸１
202301240363,2023-01-24,都営浅草線 押上駅 9階建 新築,9.7,0.0,10000.0,0.0,0.0,0.0,0,都営浅草線,押上駅,徒歩,7.0,1K,26.28,北西,マンション,東京都墨田区押上２
202301240364,2023-01-24,プライマルタワー錦糸町,9.7,5.0,12000.0,9.7,0.0,0.0,0,東武伊勢崎線,押上駅,徒歩,14.0,1K,25.72,南,マンション,東京都墨田区太平１
202301240365,2023-01-24,プライマルタワー錦糸町 0302号室,9.7,5.0,12000.0,9.7,0.0,0.0,0,都営浅草線,押上駅,徒歩,14.0,1K,25.72,南,マンション,東京都墨田区太平１
202301240366,2023-01-24,プライマルタワー錦糸町 0302号室,9.7,5.0,12000.0,9.7,0.0,0.0,0,都営浅草線,押上駅,徒歩,14.0,1K,25.72,南,マンション,東京都墨田区太平１
202301240367,2023-01-24,ガリシア本所吾妻橋South,9.8,3.0,10000.0,0.0,9.8,0.0,0,東京メトロ半蔵門線,押上駅,徒歩,12.0,1K,25.76,東,マンション,東京都墨田区本所４
202301240368,2023-01-24,都営浅草線 本所吾妻橋駅 7階建 築3年,9.8,3.0,10000.0,0.0,9.8,0.0,0,東京メトロ半蔵門線,押上駅,徒歩,12.0,1K,25.76,-,マンション,東京都墨田区本所４
202301240369,2023-01-24,都営浅草線 本所吾妻橋駅 7階建 築3年,9.8,3.0,10000.0,0.0,9.8,0.0,0,東京メトロ半蔵門線,押上駅,徒歩,12.0,1K,25.76,東,マンション,東京都墨田区本所４
202301240370,2023-01-24,ガリシア本所吾妻橋Ｓｏｕｔｈ,9.8,3.0,10000.0,0.0,9.8,0.0,0,東京メトロ半蔵門線,押上駅,徒歩,12.0,1K,25.76,東,マンション,東京都墨田区本所４
202301240371,2023-01-24,都営浅草線 本所吾妻橋駅 7階建 築3年,9.8,3.0,10000.0,0.0,9.8,0.0,0,都営浅草線,押上駅,徒歩,12.0,1K,25.76,東,マンション,東京都墨田区本所４
202301240372,2023-01-24,ガリシア本所吾妻橋ｓｏｕｔｈ,9.8,3.0,10000.0,0.0,9.8,0.0,0,京成押上線,押上駅,徒歩,14.0,1K,25.76,東,マンション,東京都墨田区本所４
202301240373,2023-01-24,都営浅草線 本所吾妻橋駅 7階建 築3年,9.8,3.0,10000.0,0.0,9.8,0.0,0,東京メトロ半蔵門線,押上駅,徒歩,15.0,1K,25.76,東,マンション,東京都墨田区本所４
202301240374,2023-01-24,都営浅草線 本所吾妻橋駅 7階建 築3年,9.8,3.0,10000.0,0.0,9.8,0.0,0,京成押上線,押上駅,徒歩,12.0,1K,25.76,-,マンション,東京都墨田区本所４
202301240375,2023-01-24,都営浅草線 本所吾妻橋駅 7階建 築3年,9.8,3.0,10000.0,0.0,9.8,0.0,0,東京メトロ半蔵門線,押上駅,徒歩,12.0,1K,25.76,東,マンション,東京都墨田区本所４
202301240376,2023-01-24,都営浅草線 本所吾妻橋駅 7階建 築3年,9.8,3.0,10000.0,0.0,9.8,0.0,0,東京メトロ半蔵門線,押上駅,徒歩,16.0,1K,25.76,東,マンション,東京都墨田区本所４
202301240377,2023-01-24,都営浅草線 本所吾妻橋駅 7階建 築3年,9.8,3.0,10000.0,0.0,9.8,0.0,0,東京メトロ半蔵門線,押上駅,徒歩,12.0,1K,25.76,東,マンション,東京都墨田区本所４
202301240378,2023-01-24,都営浅草線 本所吾妻橋駅 7階建 築3年,9.8,3.0,10000.0,0.0,9.8,0.0,0,東京メトロ半蔵門線,押上駅,徒歩,12.0,1K,25.76,東,マンション,東京都墨田区本所４
202301240379,2023-01-24,東武亀戸線 亀戸駅 15階建 新築,9.8,0.0,15000.0,0.0,0.0,0.0,0,都営浅草線,押上駅,徒歩,18.0,1DK,26.95,東,マンション,東京都江東区亀戸３
202301240380,2023-01-24,ヘーベルメゾン押上 102号室,9.9,3.0,6000.0,4.95,0.0,0.0,0,東京メトロ半蔵門線,押上駅,徒歩,7.0,1K,28.26,北西,マンション,東京都墨田区押上３
202301240381,2023-01-24,シャトル小梅,9.9,28.0,9000.0,9.9,9.9,0.0,0,京成押上線,押上駅,徒歩,5.0,2LDK,47.21,北,マンション,東京都墨田区向島３
202301240382,2023-01-24,JUタワーフロントOSHIAGE,9.95,8.0,8000.0,9.95,9.95,0.0,0,東京メトロ半蔵門線,押上駅,徒歩,4.0,1K,26.27,南東,マンション,東京都墨田区押上２
202301240383,2023-01-24,PREMIUM CUBE 亀戸 301号室,9.95,0.0,15000.0,0.0,0.0,0.0,0,都営浅草線,押上駅,徒歩,18.0,2K,29.78,東,マンション,東京都江東区亀戸３
202301240384,2023-01-24,ＰＲＥＭＩＵＭ ＣＵＢＥ 亀戸 301号室,9.95,0.0,15000.0,0.0,0.0,0.0,0,都営浅草線,押上駅,徒歩,20.0,2K,29.78,東,マンション,東京都江東区亀戸３
202301240385,2023-01-24,ヴェルメリオ本所,10.0,2.0,8000.0,10.0,10.0,0.0,0,東京メトロ半蔵門線,押上駅,徒歩,18.0,1K,25.14,東,マンション,東京都墨田区本所３
202301240386,2023-01-24,ヴェルメリオ本所,10.0,2.0,8000.0,10.0,10.0,0.0,0,東京メトロ半蔵門線,押上駅,徒歩,18.0,1K,25.14,東,マンション,東京都墨田区本所３
202301240387,2023-01-24,ヴェルメリオ本所,10.0,2.0,8000.0,10.0,10.0,0.0,0,東京メトロ半蔵門線,押上駅,徒歩,18.0,1K,25.14,東,マンション,東京都墨田区本所３
202301240388,2023-01-24,石山マンション,10.0,51.0,10250.0,10.0,10.0,0.0,0,東京メトロ半蔵門線,押上駅,徒歩,10.0,2LDK,50.44,南,マンション,東京都墨田区横川１
202301240389,2023-01-24,PREMIUM CUBE 亀戸,10.0,1.0,15000.0,0.0,0.0,0.0,0,都営浅草線,押上駅,徒歩,23.0,2K,29.78,東,マンション,東京都江東区亀戸３
202301240390,2023-01-24,ルーエ押上 501号室,10.1,4.0,10000.0,10.1,0.0,0.0,0,東京メトロ半蔵門線,押上駅,徒歩,8.0,1K,25.01,東,マンション,東京都墨田区横川２
202301240391,2023-01-24,モンレーヴ錦糸町,10.2,10.0,5000.0,10.2,10.2,0.0,0,都営浅草線,押上駅,徒歩,15.0,ワンルーム,26.48,南,マンション,東京都墨田区太平１
202301240392,2023-01-24,モンレーヴ錦糸町,10.2,10.0,5000.0,10.2,10.2,0.0,0,都営浅草線,押上駅,徒歩,8.0,ワンルーム,26.48,-,マンション,東京都墨田区太平１
202301240393,2023-01-24,クレイシア本所吾妻橋,10.2,3.0,10000.0,0.0,0.0,0.0,0,東京メトロ半蔵門線,押上駅,徒歩,16.0,1DK,25.69,-,マンション,東京都墨田区本所４
202301240394,2023-01-24,シーズンフラッツ押上サウス 202号室,10.2,0.0,10000.0,10.2,0.0,0.0,0,東京メトロ半蔵門線,押上駅,徒歩,4.0,1K,25.11,西,マンション,東京都墨田区業平４
202301240395,2023-01-24,シーズンフラッツ押上サウス,10.2,0.0,10000.0,10.2,0.0,0.0,0,東京メトロ半蔵門線,押上駅,徒歩,4.0,1K,25.11,西,マンション,東京都墨田区業平４
202301240396,2023-01-24,シーズンフラッツ押上サウス,10.2,0.0,10000.0,10.2,0.0,0.0,0,東京メトロ半蔵門線,押上駅,徒歩,4.0,1K,25.11,西,マンション,東京都墨田区業平４
202301240397,2023-01-24,シーズンフラッツ押上サウス,10.3,0.0,10000.0,10.3,0.0,0.0,0,東京メトロ半蔵門線,押上駅,徒歩,4.0,1K,25.81,西,マンション,東京都墨田区業平４
202301240398,2023-01-24,シーズンフラッツ押上サウス,10.3,0.0,10000.0,10.3,0.0,0.0,0,東京メトロ半蔵門線,押上駅,徒歩,4.0,1K,25.81,西,マンション,東京都墨田区業平４
202301240399,2023-01-24,ライトテラス押上,10.3,3.0,10000.0,0.0,0.0,0.0,0,東京メトロ半蔵門線,押上駅,徒歩,8.0,ワンルーム,25.16,南,マンション,東京都墨田区横川４
202301240400,2023-01-24,シーズンフラッツ押上サウス,10.3,0.0,10000.0,10.3,0.0,0.0,0,東京メトロ半蔵門線,押上駅,徒歩,4.0,1K,25.11,西,マンション,東京都墨田区業平４
202301240401,2023-01-24,シーズンフラッツ押上サウス,10.3,0.0,10000.0,10.3,0.0,0.0,0,東京メトロ半蔵門線,押上駅,徒歩,4.0,1K,25.11,西,マンション,東京都墨田区業平４
202301240402,2023-01-24,レーヴスカイツリー押上,10.3,3.0,15000.0,0.0,0.0,10.3,0,東京メトロ半蔵門線,押上駅,徒歩,3.0,1DK,26.3,南東,マンション,東京都墨田区向島３
202301240403,2023-01-24,レーヴ スカイツリー 押上,10.3,3.0,15000.0,0.0,0.0,10.3,10.3,東京メトロ半蔵門線,押上駅,徒歩,3.0,1DK,26.3,南東,マンション,東京都墨田区向島３
202301240404,2023-01-24,レーヴスカイツリー押上,10.3,3.0,15000.0,0.0,0.0,10.3,0,東京メトロ半蔵門線,押上駅,徒歩,3.0,1DK,26.3,南東,マンション,東京都墨田区向島３
202301240405,2023-01-24,レーヴ スカイツリー 押上,10.3,3.0,15000.0,0.0,0.0,10.3,10.3,東京メトロ半蔵門線,押上駅,徒歩,3.0,1DK,26.3,南東,マンション,東京都墨田区向島３
202301240406,2023-01-24,東京メトロ半蔵門線 押上駅 9階建 築3年,10.3,3.0,15000.0,0.0,0.0,10.3,0,東京メトロ半蔵門線,押上駅,徒歩,3.0,1LDK,26.3,南東,マンション,東京都墨田区向島３
202301240407,2023-01-24,東京メトロ半蔵門線 押上駅 9階建 築3年,10.3,3.0,15000.0,0.0,0.0,10.3,0,東京メトロ半蔵門線,押上駅,徒歩,3.0,1DK,26.3,南東,マンション,東京都墨田区向島３
202301240408,2023-01-24,東京メトロ半蔵門線 押上駅 9階建 築3年,10.3,3.0,15000.0,0.0,0.0,10.3,0,東京メトロ半蔵門線,押上駅,徒歩,3.0,1DK,26.3,南東,マンション,東京都墨田区向島３
202301240409,2023-01-24,東京メトロ半蔵門線 押上駅 9階建 築3年,10.3,3.0,15000.0,0.0,0.0,10.3,0,東京メトロ半蔵門線,押上駅,徒歩,3.0,1DK,26.3,南東,マンション,東京都墨田区向島３
202301240410,2023-01-24,東京メトロ半蔵門線 押上駅 9階建 築3年,10.3,3.0,15000.0,0.0,0.0,10.3,0,東京メトロ半蔵門線,押上駅,徒歩,3.0,1DK,26.3,南東,マンション,東京都墨田区向島３
202301240411,2023-01-24,東京メトロ半蔵門線 押上駅 9階建 築3年,10.3,3.0,15000.0,0.0,0.0,10.3,0,東京メトロ半蔵門線,押上駅,徒歩,3.0,1LDK,26.3,南,マンション,東京都墨田区向島３
202301240412,2023-01-24,東京メトロ半蔵門線 押上駅 9階建 築3年,10.3,3.0,15000.0,0.0,0.0,10.3,10.3,東京メトロ半蔵門線,押上駅,徒歩,4.0,1DK,26.3,南東,マンション,東京都墨田区向島３
202301240413,2023-01-24,都営浅草線 押上駅 9階建 築3年,10.3,3.0,15000.0,0.0,0.0,10.3,10.3,都営浅草線,押上駅,徒歩,3.0,1DK,26.3,南東,マンション,東京都墨田区向島３
202301240414,2023-01-24,東京メトロ半蔵門線 押上駅 9階建 築3年,10.3,3.0,15000.0,0.0,0.0,10.3,10.3,東京メトロ半蔵門線,押上駅,徒歩,3.0,1DK,26.3,南東,マンション,東京都墨田区向島３
202301240415,2023-01-24,レーヴスカイツリー押上,10.3,3.0,15000.0,0.0,0.0,10.3,10.3,東京メトロ半蔵門線,押上駅,徒歩,4.0,1DK,26.3,南東,マンション,東京都墨田区向島３
202301240416,2023-01-24,レーヴスカイツリー押上,10.3,3.0,15000.0,0.0,0.0,10.3,10.3,東京メトロ半蔵門線,押上駅,徒歩,4.0,1DK,26.3,南東,マンション,東京都墨田区向島３
202301240417,2023-01-24,東京メトロ半蔵門線 押上駅 9階建 築3年,10.3,3.0,15000.0,0.0,0.0,10.3,0,東京メトロ半蔵門線,押上駅,徒歩,3.0,1LDK,26.3,南東,マンション,東京都墨田区向島３
202301240418,2023-01-24,東京メトロ半蔵門線 押上駅 9階建 築3年,10.3,3.0,15000.0,0.0,0.0,10.3,0,東京メトロ半蔵門線,押上駅,徒歩,3.0,1DK,26.3,南東,マンション,東京都墨田区向島３
202301240419,2023-01-24,東京メトロ半蔵門線 押上駅 9階建 築3年,10.3,3.0,15000.0,0.0,0.0,10.3,0,東京メトロ半蔵門線,押上駅,徒歩,3.0,1DK,26.3,南東,マンション,東京都墨田区向島３
202301240420,2023-01-24,レーヴ　スカイツリー　押上,10.3,3.0,15000.0,0.0,0.0,10.3,0,東京メトロ半蔵門線,押上駅,徒歩,3.0,1DK,26.3,南東,マンション,東京都墨田区向島３
202301240421,2023-01-24,シーズンフラッツ押上サウス,10.4,0.0,10000.0,10.4,0.0,0.0,0,東京メトロ半蔵門線,押上駅,徒歩,4.0,1K,25.11,西,マンション,東京都墨田区業平４
202301240422,2023-01-24,シーズンフラッツ押上サウス,10.4,0.0,10000.0,10.4,0.0,0.0,0,東京メトロ半蔵門線,押上駅,徒歩,4.0,1K,25.11,西,マンション,東京都墨田区業平４
202301240423,2023-01-24,グレイス・コート,10.45,14.0,6000.0,0.0,10.45,0.0,0,東京メトロ半蔵門線,押上駅,徒歩,7.0,1DK,33.53,西,マンション,東京都墨田区横川３
202301240424,2023-01-24,グレイス・コート,10.45,14.0,6000.0,0.0,10.45,0.0,0,東京メトロ半蔵門線,押上駅,徒歩,7.0,1DK,33.53,西,マンション,東京都墨田区横川３
202301240425,2023-01-24,東京メトロ半蔵門線 押上駅 6階建 築14年,10.45,14.0,6000.0,0.0,10.45,0.0,0,東京メトロ半蔵門線,押上駅,徒歩,7.0,1DK,33.53,西,マンション,東京都墨田区横川３
202301240426,2023-01-24,中嶋マンション,10.5,46.0,5000.0,0.0,10.5,0.0,0,東武伊勢崎線,押上駅,徒歩,4.0,1LDK,30.42,東,マンション,東京都墨田区業平４
202301240427,2023-01-24,ルネサンスコート錦糸町 703号室,10.5,2.0,13000.0,0.0,0.0,0.0,0,東京メトロ半蔵門線,押上駅,徒歩,6.0,1K,25.61,東,マンション,東京都墨田区横川３
202301240428,2023-01-24,ロイジェントパークス錦糸町 202号室,10.6,0.0,0.0,0.0,0.0,0.0,0,都営浅草線,押上駅,徒歩,13.0,1K,25.84,北,マンション,東京都墨田区横川４
202301240429,2023-01-24,パークアクシス押上サウス 501号室,10.6,4.0,10000.0,10.6,0.0,0.0,0,都営浅草線,押上駅,徒歩,5.0,1K,25.6,東,マンション,東京都墨田区横川３
202301240430,2023-01-24,シーズンフラッツ押上サウス,10.6,0.0,10000.0,10.6,0.0,0.0,0,東京メトロ半蔵門線,押上駅,徒歩,4.0,1K,25.11,西,マンション,東京都墨田区業平４
202301240431,2023-01-24,シーズンフラッツ押上サウス,10.6,0.0,10000.0,10.6,0.0,0.0,0,東京メトロ半蔵門線,押上駅,徒歩,4.0,1K,25.11,西,マンション,東京都墨田区業平４
202301240432,2023-01-24,シーズンフラッツ押上サウス,10.6,0.0,10000.0,10.6,0.0,0.0,0,東京メトロ半蔵門線,押上駅,徒歩,4.0,1K,25.11,西,マンション,東京都墨田区業平４
202301240433,2023-01-24,シーズンフラッツ押上サウス,10.6,0.0,10000.0,10.6,0.0,0.0,0,東京メトロ半蔵門線,押上駅,徒歩,4.0,1K,25.11,西,マンション,東京都墨田区業平４
202301240434,2023-01-24,パークアクシス本所吾妻橋 1001号室,10.7,8.0,10000.0,10.7,0.0,0.0,0,東京メトロ半蔵門線,押上駅,徒歩,11.0,ワンルーム,25.74,西,マンション,東京都墨田区向島１
202301240435,2023-01-24,パークアクシス本所吾妻橋 1001号室,10.7,8.0,10000.0,10.7,0.0,0.0,0,東京メトロ半蔵門線,押上駅,徒歩,11.0,ワンルーム,25.74,西,マンション,東京都墨田区向島１
202301240436,2023-01-24,パークアクシス本所吾妻橋 1001号室,10.7,8.0,10000.0,10.7,0.0,0.0,0,東京メトロ半蔵門線,押上駅,徒歩,11.0,ワンルーム,25.74,西,マンション,東京都墨田区向島１
202301240437,2023-01-24,プラウドフラット本所吾妻橋,10.7,2.0,10000.0,10.7,0.0,0.0,0,東京メトロ半蔵門線,押上駅,徒歩,8.0,1K,25.12,東,マンション,東京都墨田区東駒形４
202301240438,2023-01-24,シーズンフラッツ押上サウス,10.7,0.0,10000.0,10.7,0.0,0.0,0,東京メトロ半蔵門線,押上駅,徒歩,4.0,1K,25.11,西,マンション,東京都墨田区業平４
202301240439,2023-01-24,シーズンフラッツ押上サウス,10.7,0.0,10000.0,10.7,0.0,0.0,0,東京メトロ半蔵門線,押上駅,徒歩,4.0,1K,25.11,西,マンション,東京都墨田区業平４
202301240440,2023-01-24,シーズンフラッツ押上サウス,10.7,0.0,10000.0,10.7,0.0,0.0,0,東京メトロ半蔵門線,押上駅,徒歩,4.0,1K,25.11,西,マンション,東京都墨田区業平４
202301240441,2023-01-24,シーズンフラッツ押上サウス,10.7,0.0,10000.0,10.7,0.0,0.0,0,東京メトロ半蔵門線,押上駅,徒歩,4.0,1K,25.11,西,マンション,東京都墨田区業平４
202301240442,2023-01-24,シーズンフラッツ押上,10.7,1.0,12000.0,10.7,0.0,0.0,0,東京メトロ半蔵門線,押上駅,徒歩,2.0,1K,26.11,西,マンション,東京都墨田区押上１
202301240443,2023-01-24,シーズンフラッツ押上,10.7,1.0,12000.0,10.7,0.0,0.0,0,東京メトロ半蔵門線,押上駅,徒歩,2.0,1K,26.11,西,マンション,東京都墨田区押上１
202301240444,2023-01-24,ロイジェントパークス錦糸町 303号室,10.8,0.0,0.0,0.0,0.0,0.0,0,都営浅草線,押上駅,徒歩,13.0,1K,25.84,北,マンション,東京都墨田区横川４
202301240445,2023-01-24,ロイジェントパークス錦糸町 304号室,10.8,0.0,0.0,0.0,0.0,0.0,0,都営浅草線,押上駅,徒歩,13.0,1K,25.84,北,マンション,東京都墨田区横川４
202301240446,2023-01-24,ロイジェントパークス錦糸町 302号室,10.8,0.0,0.0,0.0,0.0,0.0,0,都営浅草線,押上駅,徒歩,13.0,1K,25.84,北,マンション,東京都墨田区横川４
202301240447,2023-01-24,モアナ錦糸公園,10.8,8.0,8000.0,10.8,10.8,0.0,0,京成押上線,押上駅,徒歩,19.0,1K,28.4,南,マンション,東京都墨田区太平３
202301240448,2023-01-24,ZOOM錦糸町Parkside 303号室,10.8,0.0,10000.0,10.8,10.8,0.0,0,都営浅草線,押上駅,徒歩,16.0,1K,26.81,東,マンション,東京都墨田区太平３
202301240449,2023-01-24,ZOOM錦糸町Parkside 301号室,10.8,0.0,10000.0,10.8,10.8,0.0,0,都営浅草線,押上駅,徒歩,16.0,1K,26.7,東,マンション,東京都墨田区太平３
202301240450,2023-01-24,シーズンフラッツ押上サウス,10.8,0.0,10000.0,10.8,0.0,0.0,0,東京メトロ半蔵門線,押上駅,徒歩,4.0,1K,25.11,西,マンション,東京都墨田区業平４
202301240451,2023-01-24,シーズンフラッツ押上サウス,10.8,0.0,10000.0,10.8,0.0,0.0,0,東京メトロ半蔵門線,押上駅,徒歩,4.0,1K,25.11,西,マンション,東京都墨田区業平４
202301240452,2023-01-24,シーズンフラッツ押上サウス,10.8,0.0,10000.0,10.8,0.0,0.0,0,東京メトロ半蔵門線,押上駅,徒歩,4.0,1K,25.11,西,マンション,東京都墨田区業平４
202301240453,2023-01-24,シーズンフラッツ押上サウス,10.8,0.0,10000.0,10.8,0.0,0.0,0,東京メトロ半蔵門線,押上駅,徒歩,4.0,1K,25.11,西,マンション,東京都墨田区業平４
202301240454,2023-01-24,レーヴ　スカイツリー　押上,10.8,3.0,15000.0,0.0,0.0,0.0,0,京成押上線,押上駅,徒歩,3.0,1DK,26.3,南東,マンション,東京都墨田区向島３
202301240455,2023-01-24,京成押上線 押上駅 9階建 築3年,10.8,3.0,15000.0,0.0,0.0,0.0,0,京成押上線,押上駅,徒歩,3.0,1DK,26.3,南東,マンション,東京都墨田区向島３
202301240456,2023-01-24,東京メトロ半蔵門線 押上駅 9階建 築3年,10.8,3.0,15000.0,0.0,0.0,0.0,0,東京メトロ半蔵門線,押上駅,徒歩,3.0,1LDK,26.3,南東,マンション,東京都墨田区東向島３
202301240457,2023-01-24,レーヴ　スカイツリー　押上,10.8,3.0,15000.0,0.0,0.0,0.0,0,京成押上線,押上駅,徒歩,3.0,1DK,26.3,南東,マンション,東京都墨田区向島３
202301240458,2023-01-24,レーヴ　スカイツリー　押上,10.8,3.0,15000.0,0.0,0.0,0.0,0,京成押上線,押上駅,徒歩,3.0,1DK,26.3,南東,マンション,東京都墨田区向島３
202301240459,2023-01-24,レーヴ　スカイツリー　押上,10.8,3.0,15000.0,0.0,0.0,0.0,0,京成押上線,押上駅,徒歩,3.0,1DK,26.3,南東,マンション,東京都墨田区向島３
202301240460,2023-01-24,東京メトロ半蔵門線 押上駅 9階建 築3年,10.8,3.0,15000.0,0.0,0.0,0.0,0,東京メトロ半蔵門線,押上駅,徒歩,3.0,1DK,26.3,南東,マンション,東京都墨田区向島３
202301240461,2023-01-24,レーヴ　スカイツリー　押上,10.8,3.0,15000.0,0.0,0.0,0.0,0,京成押上線,押上駅,徒歩,3.0,1DK,26.3,南東,マンション,東京都墨田区向島３
202301240462,2023-01-24,レーヴ　スカイツリー　押上,10.8,3.0,15000.0,0.0,0.0,0.0,0,京成押上線,押上駅,徒歩,3.0,1DK,26.3,南東,マンション,東京都墨田区向島３
202301240463,2023-01-24,レーヴ　スカイツリー　押上,10.8,3.0,15000.0,0.0,0.0,0.0,0,京成押上線,押上駅,徒歩,3.0,1DK,26.3,南東,マンション,東京都墨田区向島３
202301240464,2023-01-24,ロイジェントパークス錦糸町 401号室,10.9,0.0,0.0,0.0,0.0,0.0,0,都営浅草線,押上駅,徒歩,13.0,1K,25.84,北,マンション,東京都墨田区横川４
202301240465,2023-01-24,ロイジェントパークス錦糸町 404号室,10.9,0.0,0.0,0.0,0.0,0.0,0,都営浅草線,押上駅,徒歩,13.0,1K,25.84,北,マンション,東京都墨田区横川４
202301240466,2023-01-24,ロイジェントパークス錦糸町 402号室,10.9,0.0,0.0,0.0,0.0,0.0,0,都営浅草線,押上駅,徒歩,13.0,1K,25.84,北,マンション,東京都墨田区横川４
202301240467,2023-01-24,ZOOM錦糸町Parkside 403号室,10.9,0.0,10000.0,10.9,10.9,0.0,0,都営浅草線,押上駅,徒歩,16.0,1K,26.81,東,マンション,東京都墨田区太平３
202301240468,2023-01-24,ZOOM錦糸町Parkside 401号室,10.9,0.0,10000.0,10.9,10.9,0.0,0,都営浅草線,押上駅,徒歩,16.0,1K,26.7,東,マンション,東京都墨田区太平３
202301240469,2023-01-24,シーズンフラッツ押上サウス,10.9,0.0,10000.0,10.9,0.0,0.0,0,東京メトロ半蔵門線,押上駅,徒歩,4.0,1K,25.11,西,マンション,東京都墨田区業平４
202301240470,2023-01-24,シーズンフラッツ押上サウス,10.9,0.0,10000.0,10.9,0.0,0.0,0,東京メトロ半蔵門線,押上駅,徒歩,4.0,1K,25.11,西,マンション,東京都墨田区業平４
202301240471,2023-01-24,シーズンフラッツ押上サウス,10.9,0.0,10000.0,10.9,0.0,0.0,0,東京メトロ半蔵門線,押上駅,徒歩,4.0,1K,25.11,西,マンション,東京都墨田区業平４
202301240472,2023-01-24,都営浅草線 押上駅 11階建 新築,10.9,0.0,10000.0,10.9,0.0,0.0,0,都営浅草線,押上駅,徒歩,4.0,1K,25.11,西,マンション,東京都墨田区業平４
202301240473,2023-01-24,シーズンフラッツ押上サウス,10.9,0.0,10000.0,10.9,0.0,0.0,0,東京メトロ半蔵門線,押上駅,徒歩,4.0,1K,25.11,西,マンション,東京都墨田区業平４
202301240474,2023-01-24,ロイジェントパークス錦糸町 502号室,11.0,0.0,0.0,0.0,0.0,0.0,0,都営浅草線,押上駅,徒歩,13.0,1K,25.84,北,マンション,東京都墨田区横川４
202301240475,2023-01-24,ロイジェントパークス錦糸町 503号室,11.0,0.0,0.0,0.0,0.0,0.0,0,都営浅草線,押上駅,徒歩,13.0,1K,25.84,北,マンション,東京都墨田区横川４
202301240476,2023-01-24,トゥルム錦糸町,11.0,10.0,7000.0,11.0,11.0,0.0,0,東京メトロ半蔵門線,押上駅,徒歩,16.0,ワンルーム,33.67,南,マンション,東京都墨田区太平１
202301240477,2023-01-24,ZOOM錦糸町Parkside 501号室,11.0,0.0,10000.0,11.0,11.0,0.0,0,都営浅草線,押上駅,徒歩,16.0,1K,26.7,東,マンション,東京都墨田区太平３
202301240478,2023-01-24,シーズンフラッツ押上サウス,11.0,0.0,10000.0,11.0,0.0,0.0,0,東京メトロ半蔵門線,押上駅,徒歩,4.0,1K,25.11,西,マンション,東京都墨田区業平４
202301240479,2023-01-24,シーズンフラッツ押上サウス,11.0,0.0,10000.0,11.0,0.0,0.0,0,東京メトロ半蔵門線,押上駅,徒歩,4.0,1K,25.11,西,マンション,東京都墨田区業平４
202301240480,2023-01-24,シーズンフラッツ押上サウス,11.0,0.0,10000.0,11.0,0.0,0.0,0,東京メトロ半蔵門線,押上駅,徒歩,4.0,1K,25.11,西,マンション,東京都墨田区業平４
202301240481,2023-01-24,シーズンフラッツ押上サウス,11.0,0.0,10000.0,11.0,0.0,0.0,0,東京メトロ半蔵門線,押上駅,徒歩,4.0,1K,25.11,西,マンション,東京都墨田区業平４
202301240482,2023-01-24,京成押上線 京成曳舟駅 2階建 築4年,11.1,4.0,4000.0,0.0,11.1,0.0,0,都営浅草線,押上駅,徒歩,14.0,1LDK,43.92,南,アパート,東京都墨田区京島１
202301240483,2023-01-24,ZOOM錦糸町Parkside 601号室,11.1,0.0,10000.0,11.1,11.1,0.0,0,都営浅草線,押上駅,徒歩,16.0,1K,26.7,東,マンション,東京都墨田区太平３
202301240484,2023-01-24,シーズンフラッツ押上サウス,11.1,0.0,10000.0,11.1,0.0,0.0,0,東京メトロ半蔵門線,押上駅,徒歩,4.0,1K,25.11,西,マンション,東京都墨田区業平４
202301240485,2023-01-24,都営浅草線 押上駅 11階建 新築,11.1,0.0,10000.0,11.1,0.0,0.0,0,都営浅草線,押上駅,徒歩,4.0,1K,25.11,西,マンション,東京都墨田区業平４
202301240486,2023-01-24,都営浅草線 押上駅 11階建 新築,11.1,0.0,10000.0,11.1,0.0,0.0,0,都営浅草線,押上駅,徒歩,4.0,1K,25.11,西,マンション,東京都墨田区業平４
202301240487,2023-01-24,シーズンフラッツ押上サウス,11.1,0.0,10000.0,11.1,0.0,0.0,0,東京メトロ半蔵門線,押上駅,徒歩,4.0,1K,25.11,西,マンション,東京都墨田区業平４
202301240488,2023-01-24,シーズンフラッツ押上サウス,11.1,0.0,10000.0,11.1,0.0,0.0,0,東京メトロ半蔵門線,押上駅,徒歩,4.0,1K,25.11,西,マンション,東京都墨田区業平４
202301240489,2023-01-24,シーズンフラッツ押上サウス,11.1,0.0,10000.0,11.1,0.0,0.0,0,東京メトロ半蔵門線,押上駅,徒歩,4.0,1K,25.11,西,マンション,東京都墨田区業平４
202301240490,2023-01-24,東京メトロ半蔵門線 押上駅 2階建 築36年,11.2,36.0,8000.0,11.2,11.2,0.0,0,東京メトロ半蔵門線,押上駅,徒歩,5.0,1LDK,33.86,-,アパート,東京都墨田区押上２
202301240491,2023-01-24,ハイツ石倉,11.2,36.0,8000.0,11.2,11.2,0.0,0,京成押上線,押上駅,徒歩,5.0,1LDK,33.86,北東,アパート,東京都墨田区押上２
202301240492,2023-01-24,ZOOM錦糸町parkside,11.2,0.0,10000.0,11.2,11.2,0.0,0,東京メトロ半蔵門線,押上駅,徒歩,14.0,1K,26.8,東,マンション,東京都墨田区太平３
202301240493,2023-01-24,ZOOM錦糸町Parkside 701号室,11.2,0.0,10000.0,11.2,11.2,0.0,0,都営浅草線,押上駅,徒歩,16.0,1K,26.7,東,マンション,東京都墨田区太平３
202301240494,2023-01-24,シーズンフラッツ押上サウス,11.2,0.0,10000.0,11.2,0.0,0.0,0,東京メトロ半蔵門線,押上駅,徒歩,4.0,1K,25.11,西,マンション,東京都墨田区業平４
202301240495,2023-01-24,シーズンフラッツ押上サウス,11.2,0.0,10000.0,11.2,0.0,0.0,0,東京メトロ半蔵門線,押上駅,徒歩,4.0,1K,25.11,西,マンション,東京都墨田区業平４
202301240496,2023-01-24,シーズンフラッツ押上サウス,11.2,0.0,10000.0,11.2,0.0,0.0,0,東京メトロ半蔵門線,押上駅,徒歩,4.0,1K,25.11,西,マンション,東京都墨田区業平４
202301240497,2023-01-24,シーズンフラッツ押上サウス,11.2,0.0,10000.0,11.2,0.0,0.0,0,東京メトロ半蔵門線,押上駅,徒歩,4.0,1K,25.11,西,マンション,東京都墨田区業平４
202301240498,2023-01-24,トゥルム錦糸町,11.3,10.0,7000.0,11.3,11.3,0.0,0,東京メトロ半蔵門線,押上駅,徒歩,14.0,ワンルーム,33.67,南,マンション,東京都墨田区太平１
202301240499,2023-01-24,トゥルム錦糸町,11.3,10.0,7000.0,11.3,11.3,0.0,0,東京メトロ半蔵門線,押上駅,徒歩,16.0,ワンルーム,33.67,南,マンション,東京都墨田区太平１
202301240500,2023-01-24,ZOOM錦糸町Parkside 801号室,11.3,0.0,10000.0,11.3,11.3,0.0,0,都営浅草線,押上駅,徒歩,16.0,1K,26.7,東,マンション,東京都墨田区太平３
202301240501,2023-01-24,ZOOM錦糸町Parkside 702号室,11.3,0.0,10000.0,11.3,11.3,0.0,0,都営浅草線,押上駅,徒歩,16.0,1K,26.09,東,マンション,東京都墨田区太平３
202301240502,2023-01-24,シーズンフラッツ押上サウス,11.3,0.0,10000.0,11.3,0.0,0.0,0,東京メトロ半蔵門線,押上駅,徒歩,4.0,1K,25.11,西,マンション,東京都墨田区業平４
202301240503,2023-01-24,シーズンフラッツ押上サウス,11.3,0.0,10000.0,11.3,0.0,0.0,0,東京メトロ半蔵門線,押上駅,徒歩,4.0,1K,25.11,西,マンション,東京都墨田区業平４
202301240504,2023-01-24,ZOOM錦糸町Parkside 903号室,11.4,0.0,10000.0,11.4,11.4,0.0,0,都営浅草線,押上駅,徒歩,16.0,1K,26.81,東,マンション,東京都墨田区太平３
202301240505,2023-01-24,ZOOM錦糸町Parkside 901号室,11.4,0.0,10000.0,11.4,11.4,0.0,0,都営浅草線,押上駅,徒歩,16.0,1K,26.7,東,マンション,東京都墨田区太平３
202301240506,2023-01-24,リテラス押上,11.4,2.0,12000.0,0.0,0.0,0.0,0,東京メトロ半蔵門線,押上駅,徒歩,1.0,1K,25.16,東,マンション,東京都墨田区業平４
202301240507,2023-01-24,ZOOM錦糸町Parkside 1001号室,11.5,0.0,10000.0,11.5,11.5,0.0,0,都営浅草線,押上駅,徒歩,16.0,1K,26.7,東,マンション,東京都墨田区太平３
202301240508,2023-01-24,ZOOM錦糸町Parkside 902号室,11.5,0.0,10000.0,11.5,11.5,0.0,0,都営浅草線,押上駅,徒歩,16.0,1K,26.09,東,マンション,東京都墨田区太平３
202301240509,2023-01-24,ZOOM錦糸町Parkside 1103号室,11.6,0.0,10000.0,11.6,11.6,0.0,0,都営浅草線,押上駅,徒歩,16.0,1K,26.81,東,マンション,東京都墨田区太平３
202301240510,2023-01-24,ZOOM錦糸町Parkside 1101号室,11.6,0.0,10000.0,11.6,11.6,0.0,0,都営浅草線,押上駅,徒歩,16.0,1K,26.7,東,マンション,東京都墨田区太平３
202301240511,2023-01-24,ZOOM錦糸町Parkside 1201号室,11.7,0.0,10000.0,11.7,11.7,0.0,0,都営浅草線,押上駅,徒歩,16.0,1K,26.7,東,マンション,東京都墨田区太平３
202301240512,2023-01-24,東武伊勢崎線 曳舟駅 7階建 築4年,11.75,4.0,12000.0,0.0,0.0,11.75,11.75,東京メトロ半蔵門線,押上駅,徒歩,9.0,1LDK,31.5,-,マンション,東京都墨田区向島４
202301240513,2023-01-24,リヴシティ向島弐番館,11.75,4.0,12000.0,0.0,0.0,11.75,11.75,東京メトロ半蔵門線,押上駅,徒歩,9.0,1LDK,31.5,-,マンション,東京都墨田区向島４
202301240514,2023-01-24,東武伊勢崎線 曳舟駅 7階建 築4年,11.75,4.0,12000.0,0.0,0.0,11.75,11.75,京成押上線,押上駅,徒歩,9.0,1LDK,31.5,-,マンション,東京都墨田区向島４
202301240515,2023-01-24,リヴシティ向島弐番館,11.75,4.0,12000.0,0.0,0.0,11.75,11.75,都営浅草線,押上駅,徒歩,9.0,1LDK,31.5,西,マンション,東京都墨田区向島４
202301240516,2023-01-24,東武伊勢崎線 曳舟駅 7階建 築4年,11.75,4.0,12000.0,0.0,0.0,11.75,11.75,東京メトロ半蔵門線,押上駅,徒歩,9.0,1LDK,31.5,-,マンション,東京都墨田区向島４
202301240517,2023-01-24,東武亀戸線 曳舟駅 7階建 築4年,11.75,4.0,12000.0,0.0,0.0,11.75,0,東京メトロ半蔵門線,押上駅,徒歩,9.0,1LDK,31.5,西,マンション,東京都墨田区向島４
202301240518,2023-01-24,押上3丁目戸建,11.8,67.0,2000.0,11.8,11.8,0.0,0,東京メトロ半蔵門線,押上駅,徒歩,10.0,2DK,40.85,南,テラス・タウンハウス,東京都墨田区押上３
202301240519,2023-01-24,押上３丁目戸建,11.8,67.0,2000.0,11.8,11.8,0.0,0,東京メトロ半蔵門線,押上駅,徒歩,10.0,2DK,40.85,南,一戸建て,東京都墨田区押上３
202301240520,2023-01-24,グラントゥルース東向島,11.8,15.0,15000.0,0.0,0.0,11.8,11.8,東京メトロ半蔵門線,押上駅,徒歩,23.0,1LDK,41.74,南東,マンション,東京都墨田区東向島５
202301240521,2023-01-24,東京メトロ半蔵門線 押上駅 9階建 築2年,11.8,2.0,16000.0,0.0,0.0,0.0,0,東京メトロ半蔵門線,押上駅,徒歩,8.0,1DK,30.58,北西,マンション,東京都墨田区押上２
202301240522,2023-01-24,グラントゥルース東向島,11.85,15.0,15000.0,0.0,0.0,11.85,11.85,東京メトロ半蔵門線,押上駅,徒歩,23.0,1LDK,41.74,南東,マンション,東京都墨田区東向島５
202301240523,2023-01-24,ZOOM錦糸町Parkside 1401号室,11.9,0.0,10000.0,11.9,11.9,0.0,0,都営浅草線,押上駅,徒歩,16.0,1K,26.7,東,マンション,東京都墨田区太平３
202301240524,2023-01-24,グラントゥルース東向島,12.1,15.0,15000.0,0.0,0.0,12.1,12.1,東京メトロ半蔵門線,押上駅,徒歩,23.0,1LDK,41.74,南東,マンション,東京都墨田区東向島５
202301240525,2023-01-24,アリカ曳舟,12.3,2.0,10000.0,12.3,0.0,0.0,0,東京メトロ半蔵門線,押上駅,徒歩,17.0,1DK,35.2,南西,マンション,東京都墨田区八広１
202301240526,2023-01-24,ハーモニーレジデンス東京イーストコア＃００５,12.4,7.0,18000.0,12.4,12.4,0.0,12.4,都営浅草線,押上駅,徒歩,15.0,1LDK,42.17,南西,マンション,東京都墨田区京島１
202301240527,2023-01-24,東京メトロ半蔵門線 押上駅 3階建 築4年,12.5,4.0,5000.0,12.5,12.5,0.0,0,東京メトロ半蔵門線,押上駅,徒歩,4.0,1LDK,40,西,アパート,東京都墨田区押上３
202301240528,2023-01-24,京成押上線 八広駅 9階建 築7年,12.8,7.0,11000.0,0.0,12.8,0.0,0,東京メトロ半蔵門線,押上駅,徒歩,25.0,1LDK,40.94,西,マンション,東京都墨田区八広４
202301240529,2023-01-24,東武伊勢崎線 東向島駅 9階建 築11年,12.95,11.0,18000.0,12.95,12.95,0.0,0,東京メトロ半蔵門線,押上駅,徒歩,22.0,2LDK,53.78,南,マンション,東京都墨田区堤通１
202301240530,2023-01-24,セレンディピティ 301号室,13.2,4.0,6000.0,13.2,13.2,0.0,0,東京メトロ半蔵門線,押上駅,徒歩,9.0,1LDK,38.16,西,マンション,東京都墨田区東駒形４
202301240531,2023-01-24,リエトコート向島,13.2,15.0,8000.0,13.2,13.2,0.0,0,東京メトロ半蔵門線,押上駅,徒歩,14.0,1LDK,42.87,南西,マンション,東京都墨田区向島５
202301240532,2023-01-24,グランパーク本所 303号室,13.4,3.0,4000.0,13.4,13.4,0.0,0,東京メトロ半蔵門線,押上駅,徒歩,18.0,1LDK,37.24,東,マンション,東京都墨田区本所４
202301240533,2023-01-24,東武伊勢崎線 曳舟駅 9階建 築19年,13.52,19.0,0.0,13.52,13.52,0.0,0,東京メトロ半蔵門線,押上駅,徒歩,15.0,1LDK,53.77,南,マンション,東京都墨田区東向島２
202301240534,2023-01-24,東武伊勢崎線 東向島駅 9階建 築11年,13.7,11.0,10000.0,13.7,27.4,0.0,0,東京メトロ半蔵門線,押上駅,徒歩,20.0,2LDK,53.78,南,マンション,東京都墨田区堤通１
202301240535,2023-01-24,東武伊勢崎線 曳舟駅 9階建 築11年,13.7,11.0,10000.0,13.7,13.7,0.0,0,東京メトロ半蔵門線,押上駅,徒歩,20.0,2LDK,53.78,南東,マンション,東京都墨田区堤通１
202301240536,2023-01-24,アーバンフィールド曳舟,13.7,11.0,10000.0,13.7,13.7,0.0,13.7,東京メトロ半蔵門線,押上駅,徒歩,22.0,2LDK,53.78,南,マンション,東京都墨田区堤通１
202301240537,2023-01-24,東京メトロ半蔵門線 押上駅 4階建 築33年,14.2,33.0,6000.0,21.3,0.0,0.0,0,東京メトロ半蔵門線,押上駅,徒歩,10.0,2LDK,64.19,南東,マンション,東京都墨田区向島３
202301240538,2023-01-24,東京メトロ半蔵門線 押上駅 4階建 築33年,14.2,33.0,6000.0,21.3,0.0,0.0,0,東京メトロ半蔵門線,押上駅,徒歩,10.0,2LDK,64.19,南東,マンション,東京都墨田区向島３
202301240539,2023-01-24,S-RESIDENCE押上パークサイド,14.4,6.0,15000.0,14.4,14.4,0.0,0,東京メトロ半蔵門線,押上駅,徒歩,14.0,1LDK,42.49,-,マンション,東京都墨田区横川１
202301240540,2023-01-24,都営浅草線 本所吾妻橋駅 8階建 築6年,14.4,6.0,15000.0,14.4,14.4,0.0,0,京成押上線,押上駅,徒歩,13.0,1LDK,42.49,-,マンション,東京都墨田区横川１
202301240541,2023-01-24,アルテシモ　アヴァンテ,14.5,11.0,15000.0,0.0,14.5,0.0,0,東京メトロ半蔵門線,押上駅,徒歩,9.0,1LDK,40.95,南東,マンション,東京都墨田区東向島２
202301240542,2023-01-24,シース錦糸町,14.8,0.0,7000.0,7.4,0.0,0.0,0,東京メトロ半蔵門線,押上駅,徒歩,5.0,2K,38.43,南,マンション,東京都墨田区横川４
202301240543,2023-01-24,京成押上線 京成曳舟駅 6階建 築2年,14.8,2.0,18000.0,0.0,0.0,29.6,0,東京メトロ半蔵門線,押上駅,徒歩,14.0,1LDK,40.8,西,マンション,東京都墨田区京島１
202301240544,2023-01-24,京成押上線 京成曳舟駅 6階建 築2年,14.8,2.0,18000.0,0.0,0.0,29.6,0,東京メトロ半蔵門線,押上駅,徒歩,14.0,1LDK,40.8,西,マンション,東京都墨田区京島１
202301240545,2023-01-24,ハーモニーレジデンス東京ツリー京島,14.8,2.0,18000.0,0.0,0.0,29.6,29.6,東京メトロ半蔵門線,押上駅,徒歩,14.0,1LDK,40.8,西,マンション,東京都墨田区京島１
202301240546,2023-01-24,京成押上線 京成曳舟駅 6階建 築2年,14.8,2.0,18000.0,0.0,0.0,29.6,0,東京メトロ半蔵門線,押上駅,徒歩,14.0,1LDK,40.8,西,マンション,東京都墨田区京島１
202301240547,2023-01-24,京成押上線 京成曳舟駅 6階建 築2年,14.8,2.0,18000.0,0.0,0.0,29.6,0,東京メトロ半蔵門線,押上駅,徒歩,14.0,1LDK,40.8,西,マンション,東京都墨田区京島１
202301240548,2023-01-24,京成押上線 京成曳舟駅 6階建 築2年,14.8,2.0,18000.0,0.0,0.0,29.6,0,東京メトロ半蔵門線,押上駅,徒歩,14.0,1LDK,40.8,西,マンション,東京都墨田区京島１
202301240549,2023-01-24,ハーモニーレジデンス東京ツリー京島,14.8,2.0,18000.0,0.0,0.0,29.6,29.6,東京メトロ半蔵門線,押上駅,徒歩,14.0,1LDK,40.8,西,マンション,東京都墨田区京島１
202301240550,2023-01-24,都営浅草線 本所吾妻橋駅 7階建 築44年,15.0,44.0,0.0,15.0,15.0,0.0,0,東京メトロ半蔵門線,押上駅,徒歩,14.0,2LDK,43.77,南,マンション,東京都墨田区本所４
202301240551,2023-01-24,シース錦糸町,15.0,0.0,7000.0,7.5,0.0,0.0,0,東京メトロ半蔵門線,押上駅,徒歩,5.0,2K,37.87,南,マンション,東京都墨田区横川４
202301240552,2023-01-24,グランカーサ曳舟,15.4,2.0,15000.0,15.4,15.4,0.0,0,京成押上線,押上駅,徒歩,18.0,1LDK,40.5,南東,マンション,東京都墨田区八広２
202301240553,2023-01-24,ＡＲ向島,15.4,2.0,20000.0,0.0,0.0,0.0,0,都営浅草線,押上駅,徒歩,10.0,1LDK,41.8,南,マンション,東京都墨田区向島５
202301240554,2023-01-24,ＡＲ向島,15.4,2.0,20000.0,0.0,0.0,0.0,0,京成押上線,押上駅,徒歩,12.0,1LDK,41.8,東,マンション,東京都墨田区向島５
202301240555,2023-01-24,サウンドおしあげ,15.7,17.0,12000.0,15.7,15.7,0.0,0,東京メトロ半蔵門線,押上駅,徒歩,5.0,1LDK,43.59,南西,マンション,東京都墨田区押上３
202301240556,2023-01-24,東京メトロ半蔵門線 押上駅 14階建 築17年,15.7,17.0,12000.0,15.7,15.7,0.0,0,東京メトロ半蔵門線,押上駅,徒歩,5.0,1LDK,43.59,南西,マンション,東京都墨田区押上３
202301240557,2023-01-24,サウンドおしあげ,15.7,17.0,12000.0,15.7,15.7,0.0,0,都営浅草線,押上駅,徒歩,5.0,1LDK,43.59,南,マンション,東京都墨田区押上３
202301240558,2023-01-24,サウンドおしあげ,15.7,17.0,12000.0,15.7,15.7,0.0,0,都営浅草線,押上駅,徒歩,5.0,1LDK,43.59,南,マンション,東京都墨田区押上３
202301240559,2023-01-24,サウンドおしあげ,15.7,17.0,12000.0,15.7,15.7,0.0,0,東京メトロ半蔵門線,押上駅,徒歩,5.0,1LDK,43.59,南西,マンション,東京都墨田区押上３
202301240560,2023-01-24,東京メトロ半蔵門線 押上駅 14階建 築17年,15.7,17.0,12000.0,15.7,15.7,0.0,0,東京メトロ半蔵門線,押上駅,徒歩,5.0,1LDK,43.59,南,マンション,東京都墨田区押上３
202301240561,2023-01-24,サウンドおしあげ,15.7,17.0,12000.0,15.7,15.7,0.0,0,東京メトロ半蔵門線,押上駅,徒歩,5.0,1LDK,43.59,南西,マンション,東京都墨田区押上３
202301240562,2023-01-24,スカイタウン押上,16.0,10.0,7000.0,16.0,16.0,0.0,0,東京メトロ半蔵門線,押上駅,徒歩,7.0,1LDK,40.23,南,マンション,東京都墨田区業平３
202301240563,2023-01-24,スカイタウン押上,16.0,10.0,7000.0,16.0,16.0,0.0,0,東京メトロ半蔵門線,押上駅,徒歩,7.0,1LDK,40.23,南,マンション,東京都墨田区業平３
202301240564,2023-01-24,都営浅草線 本所吾妻橋駅 12階建 新築,16.3,0.0,15000.0,16.3,0.0,0.0,0,東京メトロ半蔵門線,押上駅,徒歩,8.0,1LDK,40.09,南,マンション,東京都墨田区吾妻橋３
202301240565,2023-01-24,ミリアレジデンス押上 0707号室,16.4,36.0,10000.0,16.4,16.4,0.0,0,東京メトロ半蔵門線,押上駅,徒歩,10.0,2DK,43.74,南東,マンション,東京都墨田区向島３
202301240566,2023-01-24,ミリアレジデンス押上 0707号室,16.4,36.0,10000.0,16.4,16.4,0.0,0,東京メトロ半蔵門線,押上駅,徒歩,10.0,2DK,43.74,南東,マンション,東京都墨田区向島３
202301240567,2023-01-24,ミリアレジデンス押上 0707号室,16.4,36.0,10000.0,16.4,16.4,0.0,0,東京メトロ半蔵門線,押上駅,徒歩,10.0,2DK,43.74,南東,マンション,東京都墨田区向島３
202301240568,2023-01-24,Ｒｕｙｇｏ Ｏｓｈｉａｇｅ 3A号室,16.4,0.0,10000.0,0.0,0.0,0.0,0,東京メトロ半蔵門線,押上駅,徒歩,10.0,2LDK,41.88,南東,マンション,東京都墨田区向島２
202301240569,2023-01-24,Ｓ－ＲＥＳＩＤＥＮＣＥ本所吾妻橋,16.4,0.0,15000.0,16.4,16.4,0.0,0,東京メトロ半蔵門線,押上駅,徒歩,10.0,1LDK,40.49,東,マンション,東京都墨田区東駒形４
202301240570,2023-01-24,S-RESIDENCE本所吾妻橋 502号室,16.4,0.0,15000.0,16.4,16.4,0.0,0,京成押上線,押上駅,徒歩,10.0,1LDK,40.49,東,マンション,東京都墨田区東駒形４
202301240571,2023-01-24,ミリアレジデンス押上,16.5,36.0,10000.0,16.5,16.5,0.0,0,都営浅草線,押上駅,徒歩,10.0,1LDK,43.74,南西,マンション,東京都墨田区向島３
202301240572,2023-01-24,ミリアレジデンス押上 0807号室,16.5,36.0,10000.0,16.5,16.5,0.0,0,東京メトロ半蔵門線,押上駅,徒歩,10.0,2DK,43.74,南東,マンション,東京都墨田区向島３
202301240573,2023-01-24,ミリアレジデンス押上 0807号室,16.5,36.0,10000.0,16.5,16.5,0.0,0,東京メトロ半蔵門線,押上駅,徒歩,10.0,2DK,43.74,南東,マンション,東京都墨田区向島３
202301240574,2023-01-24,ミリアレジデンス押上 0807号室,16.5,36.0,10000.0,16.5,16.5,0.0,0,東京メトロ半蔵門線,押上駅,徒歩,10.0,2DK,43.74,南東,マンション,東京都墨田区向島３
202301240575,2023-01-24,S-RESIDENCE押上Blossom,16.6,0.0,10000.0,16.6,16.6,0.0,0,東京メトロ半蔵門線,押上駅,徒歩,7.0,1LDK,40.36,南東,マンション,東京都墨田区押上２
202301240576,2023-01-24,ハーモニーレジデンス東京ツリー京島,16.8,2.0,18000.0,0.0,0.0,0.0,0,京成押上線,押上駅,徒歩,14.0,1LDK,40.8,西,マンション,東京都墨田区京島１
202301240577,2023-01-24,ハーモニーレジデンス東京ツリー京島,16.8,2.0,18000.0,0.0,0.0,0.0,0,東京メトロ半蔵門線,押上駅,徒歩,17.0,1LDK,40.8,西,マンション,東京都墨田区京島１
202301240578,2023-01-24,ハーモニーレジデンス東京ツリー京島,16.8,2.0,18000.0,0.0,0.0,0.0,0,京成押上線,押上駅,徒歩,14.0,1LDK,40.8,西,マンション,東京都墨田区京島１
202301240579,2023-01-24,ハーモニーレジデンス東京ツリー京島,16.8,2.0,18000.0,0.0,0.0,0.0,0,京成押上線,押上駅,徒歩,14.0,1LDK,40.8,西,マンション,東京都墨田区京島１
202301240580,2023-01-24,ハーモニーレジデンス東京ツリー京島,16.8,2.0,18000.0,0.0,0.0,0.0,0,京成押上線,押上駅,徒歩,14.0,1LDK,40.8,西,マンション,東京都墨田区京島１
202301240581,2023-01-24,ハーモニーレジデンス東京ツリー京島,16.8,2.0,18000.0,0.0,0.0,0.0,0,京成押上線,押上駅,徒歩,14.0,1LDK,40.8,西,マンション,東京都墨田区京島１
202301240582,2023-01-24,ハーモニーレジデンス東京ツリー京島,16.8,2.0,18000.0,0.0,0.0,0.0,0,京成押上線,押上駅,徒歩,14.0,1LDK,40.8,西,マンション,東京都墨田区京島１
202301240583,2023-01-24,ハーモニーレジデンス東京ツリー京島,16.8,2.0,18000.0,0.0,0.0,0.0,0,京成押上線,押上駅,徒歩,14.0,1LDK,40.8,西,マンション,東京都墨田区京島１
202301240584,2023-01-24,ハーモニーレジデンス東京ツリー京島,16.8,2.0,18000.0,0.0,0.0,0.0,0,京成押上線,押上駅,徒歩,14.0,1LDK,40.8,西,マンション,東京都墨田区京島１
202301240585,2023-01-24,東京メトロ半蔵門線 押上駅 11階建 築15年,17.2,15.0,10000.0,17.2,17.2,0.0,0,東京メトロ半蔵門線,押上駅,徒歩,8.0,2LDK,56.01,南西,マンション,東京都墨田区向島３
202301240586,2023-01-24,ライオンズ墨田押上,17.2,15.0,10000.0,17.2,17.2,0.0,0,東京メトロ半蔵門線,押上駅,徒歩,8.0,2LDK,56.01,南西,マンション,東京都墨田区向島３
202301240587,2023-01-24,ライオンズ墨田押上,17.2,15.0,10000.0,17.2,17.2,0.0,0,東京メトロ半蔵門線,押上駅,徒歩,8.0,2LDK,56.01,南西,マンション,東京都墨田区向島３
202301240588,2023-01-24,ライオンズ墨田押上,17.2,15.0,10000.0,17.2,17.2,0.0,0,京成押上線,押上駅,徒歩,12.0,2LDK,56.01,南西,マンション,東京都墨田区向島３
202301240589,2023-01-24,東京メトロ半蔵門線 押上駅 11階建 築15年,17.2,15.0,10000.0,17.2,17.2,0.0,0,東京メトロ半蔵門線,押上駅,徒歩,8.0,2LDK,56.01,南西,マンション,東京都墨田区向島３
202301240590,2023-01-24,東武伊勢崎線 とうきょうスカイツリー駅 11階建 築15年,17.2,15.0,10000.0,17.2,17.2,0.0,0,京成押上線,押上駅,徒歩,8.0,2LDK,56.01,-,マンション,東京都墨田区向島３
202301240591,2023-01-24,東京メトロ半蔵門線 押上駅 11階建 築15年,17.2,15.0,10000.0,17.2,17.2,0.0,0,東京メトロ半蔵門線,押上駅,徒歩,8.0,2LDK,56.01,南西,マンション,東京都墨田区向島３
202301240592,2023-01-24,ライオンズ墨田押上,17.2,15.0,10000.0,17.2,17.2,0.0,0,東京メトロ半蔵門線,押上駅,徒歩,8.0,2LDK,56.01,南西,マンション,東京都墨田区向島３
202301240593,2023-01-24,東京メトロ半蔵門線 押上駅 11階建 築15年,17.2,15.0,10000.0,17.2,17.2,0.0,0,東京メトロ半蔵門線,押上駅,徒歩,8.0,2LDK,56.01,南西,マンション,東京都墨田区向島３
202301240594,2023-01-24,都営浅草線 本所吾妻橋駅 5階建 新築,17.3,0.0,15000.0,0.0,0.0,0.0,0,東京メトロ半蔵門線,押上駅,徒歩,15.0,2LDK,42.03,西,マンション,東京都墨田区本所４
202301240595,2023-01-24,プレール・ドゥーク錦糸公園NORTH,17.4,0.0,15000.0,0.0,0.0,0.0,0,東京メトロ半蔵門線,押上駅,徒歩,11.0,1LDK,40.95,東,マンション,東京都墨田区横川５
202301240596,2023-01-24,プレール・ドゥーク錦糸公園NORTH,17.5,0.0,15000.0,0.0,0.0,0.0,0,東京メトロ半蔵門線,押上駅,徒歩,11.0,1LDK,41.01,東,マンション,東京都墨田区横川５
202301240597,2023-01-24,プレール・ドゥーク錦糸公園NORTH,17.6,0.0,15000.0,0.0,0.0,0.0,0,東京メトロ半蔵門線,押上駅,徒歩,11.0,1LDK,40.95,東,マンション,東京都墨田区横川５
202301240598,2023-01-24,プレール・ドゥーク錦糸公園NORTH,17.7,0.0,15000.0,0.0,0.0,0.0,0,東京メトロ半蔵門線,押上駅,徒歩,11.0,1LDK,41.01,東,マンション,東京都墨田区横川５
202301240599,2023-01-24,プレール・ドゥーク錦糸公園NORTH,17.8,0.0,15000.0,0.0,0.0,0.0,0,東京メトロ半蔵門線,押上駅,徒歩,11.0,1LDK,40.95,東,マンション,東京都墨田区横川５
202301240600,2023-01-24,プレール・ドゥーク錦糸公園NORTH,17.9,0.0,15000.0,0.0,0.0,0.0,0,東京メトロ半蔵門線,押上駅,徒歩,11.0,1LDK,41.01,東,マンション,東京都墨田区横川５
202301240601,2023-01-24,プレール・ドゥーク錦糸公園NORTH,18.0,0.0,15000.0,0.0,0.0,0.0,0,東京メトロ半蔵門線,押上駅,徒歩,11.0,1LDK,40.99,西,マンション,東京都墨田区横川５
202301240602,2023-01-24,プレール・ドゥーク錦糸公園NORTH,18.1,0.0,15000.0,0.0,0.0,0.0,0,東京メトロ半蔵門線,押上駅,徒歩,11.0,1LDK,41.01,東,マンション,東京都墨田区横川５
202301240603,2023-01-24,プレール・ドゥーク錦糸公園NORTH,18.2,0.0,15000.0,0.0,0.0,0.0,0,東京メトロ半蔵門線,押上駅,徒歩,11.0,1LDK,40.99,西,マンション,東京都墨田区横川５
202301240604,2023-01-24,シーズンフラッツ押上,18.8,0.0,15000.0,18.8,0.0,0.0,0,東京メトロ半蔵門線,押上駅,徒歩,2.0,1LDK,40.81,西,マンション,東京都墨田区押上１
202301240605,2023-01-24,シーズンフラッツ押上,18.8,0.0,15000.0,18.8,0.0,0.0,0,東京メトロ半蔵門線,押上駅,徒歩,2.0,1LDK,40.81,西,マンション,東京都墨田区押上１
202301240606,2023-01-24,京成押上線 京成曳舟駅 2階建 築10年,19.0,10.0,0.0,38.0,19.0,0.0,0,京成押上線,押上駅,徒歩,12.0,3LDK,67.9,-,一戸建て,東京都墨田区京島２
202301240607,2023-01-24,都営浅草線 本所吾妻橋駅 7階建 築15年,19.5,15.0,10000.0,19.5,19.5,0.0,0,東京メトロ半蔵門線,押上駅,徒歩,19.0,2LDK,56.82,東,マンション,東京都墨田区石原４
202301240608,2023-01-24,ＪＲ総武線 錦糸町駅 7階建 築15年,19.5,15.0,10000.0,19.5,19.5,0.0,0,東京メトロ半蔵門線,押上駅,徒歩,18.0,2LDK,56.82,東,マンション,東京都墨田区石原４
202301240609,2023-01-24,都営浅草線 本所吾妻橋駅 7階建 築15年,19.5,15.0,10000.0,19.5,19.5,0.0,0,東京メトロ半蔵門線,押上駅,徒歩,18.0,2LDK,56.82,-,マンション,東京都墨田区石原４
202301240610,2023-01-24,都営浅草線 本所吾妻橋駅 7階建 築15年,19.5,15.0,10000.0,19.5,19.5,0.0,0,東京メトロ半蔵門線,押上駅,徒歩,21.0,2LDK,56.82,東,マンション,東京都墨田区石原４
202301240611,2023-01-24,都営浅草線 本所吾妻橋駅 7階建 築15年,19.5,15.0,10000.0,19.5,19.5,0.0,0,東京メトロ半蔵門線,押上駅,徒歩,21.0,2LDK,56.82,東,マンション,東京都墨田区石原４
202301240612,2023-01-24,都営浅草線 本所吾妻橋駅 7階建 築15年,19.5,15.0,10000.0,19.5,19.5,0.0,0,東京メトロ半蔵門線,押上駅,徒歩,21.0,2LDK,56.82,東,マンション,東京都墨田区石原４
202301240613,2023-01-24,レクセル錦糸町シティ,19.5,14.0,10000.0,19.5,19.5,0.0,0,東京メトロ半蔵門線,押上駅,徒歩,19.0,2LDK,56.82,東,マンション,東京都墨田区石原４
202301240614,2023-01-24,都営浅草線 本所吾妻橋駅 7階建 築15年,19.5,15.0,10000.0,19.5,19.5,0.0,0,東京メトロ半蔵門線,押上駅,徒歩,21.0,2LDK,56.82,東,マンション,東京都墨田区石原４
202301240615,2023-01-24,都営浅草線 本所吾妻橋駅 7階建 築15年,19.5,15.0,10000.0,19.5,19.5,0.0,0,東京メトロ半蔵門線,押上駅,徒歩,21.0,2LDK,56.82,東,マンション,東京都墨田区石原４
202301240616,2023-01-24,都営浅草線 本所吾妻橋駅 7階建 築15年,19.5,15.0,10000.0,19.5,19.5,0.0,0,東京メトロ半蔵門線,押上駅,徒歩,21.0,2LDK,56.82,東,マンション,東京都墨田区石原４
202301240617,2023-01-24,パークホームズ隅田桜橋,19.8,20.0,0.0,39.6,19.8,0.0,0,東京メトロ半蔵門線,押上駅,徒歩,9.0,2LDK,64.18,南東,マンション,東京都墨田区向島２
202301240618,2023-01-24,ZOOM錦糸町parkside,21.1,0.0,20000.0,21.1,21.1,0.0,0,東京メトロ半蔵門線,押上駅,徒歩,14.0,1LDK,51.82,南,マンション,東京都墨田区太平３
202301240619,2023-01-24,ZOOM錦糸町Parkside 304号室,21.1,0.0,20000.0,21.1,21.1,0.0,0,都営浅草線,押上駅,徒歩,16.0,1LDK,51.82,南,マンション,東京都墨田区太平３
202301240620,2023-01-24,ZOOM錦糸町Parkside 504号室,21.7,0.0,20000.0,21.7,21.7,0.0,0,都営浅草線,押上駅,徒歩,16.0,1LDK,51.82,南,マンション,東京都墨田区太平３
202301240621,2023-01-24,ZOOM錦糸町parkside,21.7,0.0,20000.0,21.7,21.7,0.0,0,東京メトロ半蔵門線,押上駅,徒歩,14.0,1LDK,51.82,南,マンション,東京都墨田区太平３
202301240622,2023-01-24,ZOOM錦糸町Parkside 1004号室,22.7,0.0,20000.0,22.7,22.7,0.0,0,都営浅草線,押上駅,徒歩,16.0,1LDK,51.82,南,マンション,東京都墨田区太平３
202301240623,2023-01-24,ZOOM錦糸町parkside,22.9,0.0,20000.0,22.9,22.9,0.0,0,東京メトロ半蔵門線,押上駅,徒歩,14.0,1LDK,51.82,南,マンション,東京都墨田区太平３
202301240624,2023-01-24,ZOOM錦糸町Parkside 1104号室,22.9,0.0,20000.0,22.9,22.9,0.0,0,都営浅草線,押上駅,徒歩,16.0,1LDK,51.82,南,マンション,東京都墨田区太平３
202301240625,2023-01-24,ZOOM錦糸町Parkside 1303号室,23.3,0.0,20000.0,23.3,23.3,0.0,0,都営浅草線,押上駅,徒歩,16.0,1LDK,51.82,南,マンション,東京都墨田区太平３
